mean_fit_time;std_fit_time;mean_score_time;std_score_time;param_colsample_bytree;param_learning_rate;param_max_depth;param_n_estimators;param_subsample;params;split0_test_score;split1_test_score;split2_test_score;split3_test_score;split4_test_score;mean_test_score;std_test_score;rank_test_score
0.7990305900573731;0.13876005091937277;0.008764028549194336;0.0009779115784331054;0.7;0.1;10;100;0.7;{'colsample_bytree': 0.7, 'learning_rate': 0.1, 'max_depth': 10, 'n_estimators': 100, 'subsample': 0.7};0.7024447729910819;0.7035556674076;0.7126204052888803;0.7082547418918568;0.6944223734685177;0.7042595922095873;0.006106134093073549;3
0.920789384841919;0.274163174589792;0.015801143646240235;0.015641378789581075;0.7;0.1;10;100;0.8;{'colsample_bytree': 0.7, 'learning_rate': 0.1, 'max_depth': 10, 'n_estimators': 100, 'subsample': 0.8};0.704578667297918;0.7051507030907607;0.7121667634324209;0.7077404471130446;0.6956463231004597;0.7050565808069208;0.005413834976161047;2
0.6925391674041748;0.08173261957469868;0.007848072052001952;9.35660219198472e-05;0.7;0.1;10;100;0.9;{'colsample_bytree': 0.7, 'learning_rate': 0.1, 'max_depth': 10, 'n_estimators': 100, 'subsample': 0.9};0.7058388371259188;0.70606058649248;0.712912400910714;0.7109129316018108;0.6965079668066054;0.7064465445875058;0.005675376838077171;1
1.5574833393096923;0.17122715905007832;0.033295488357543944;0.018237421836158202;0.7;0.1;10;200;0.7;{'colsample_bytree': 0.7, 'learning_rate': 0.1, 'max_depth': 10, 'n_estimators': 200, 'subsample': 0.7};0.695774092201945;0.6970227363899408;0.7066897538571385;0.7007737068621609;0.6859433847464493;0.6972407348115269;0.006805799509004877;19
2.7035462856292725;1.379337632900645;0.03177456855773926;0.016543820937037393;0.7;0.1;10;200;0.8;{'colsample_bytree': 0.7, 'learning_rate': 0.1, 'max_depth': 10, 'n_estimators': 200, 'subsample': 0.8};0.6980055676645551;0.6978300548254259;0.7065975829383319;0.7014726453048143;0.6888122804869126;0.698543626244008;0.005812798853239124;11
1.5176056385040284;0.11946210876586721;0.028519821166992188;0.01753527015591159;0.7;0.1;10;200;0.9;{'colsample_bytree': 0.7, 'learning_rate': 0.1, 'max_depth': 10, 'n_estimators': 200, 'subsample': 0.9};0.6999479697424098;0.7005105156044173;0.7077750365588757;0.7046471283904892;0.6901454147648434;0.700605213012207;0.005959727599577794;7
3.19568190574646;0.8203212430003239;0.02160472869873047;0.008919240518165514;0.7;0.1;10;300;0.7;{'colsample_bytree': 0.7, 'learning_rate': 0.1, 'max_depth': 10, 'n_estimators': 300, 'subsample': 0.7};0.6895722226001797;0.6902489095046123;0.7006618992795102;0.6936931467332095;0.6808541733273686;0.691006070288976;0.006420991152131144;50
3.92850284576416;1.3654519672131162;0.030085086822509766;0.017822004545940694;0.7;0.1;10;300;0.8;{'colsample_bytree': 0.7, 'learning_rate': 0.1, 'max_depth': 10, 'n_estimators': 300, 'subsample': 0.8};0.6908100061988991;0.6911793696070724;0.7010532119446509;0.6956615070875684;0.6819670009468941;0.6921342191570169;0.00629329478484219;42
5.359482145309448;2.954275441416572;0.021570110321044923;0.015029197462655103;0.7;0.1;10;300;0.9;{'colsample_bytree': 0.7, 'learning_rate': 0.1, 'max_depth': 10, 'n_estimators': 300, 'subsample': 0.9};0.6951006041057417;0.695488103861617;0.7024283795358258;0.6993343441979942;0.6848256883890754;0.6954354240180509;0.005946164731984752;30
13.905112028121948;1.3768724798603997;0.03553228378295899;0.013614264724899319;0.7;0.1;20;100;0.7;{'colsample_bytree': 0.7, 'learning_rate': 0.1, 'max_depth': 20, 'n_estimators': 100, 'subsample': 0.7};0.6879650215289371;0.6889690991676048;0.6984824875110403;0.6888474632900841;0.6801205380640165;0.6888769219123365;0.0058272133191805825;62
15.819342660903931;1.9705694408750858;0.0404141902923584;0.017003683859242696;0.7;0.1;20;100;0.8;{'colsample_bytree': 0.7, 'learning_rate': 0.1, 'max_depth': 20, 'n_estimators': 100, 'subsample': 0.8};0.6908476738471712;0.6877205487721683;0.7018310695226442;0.6945493321365942;0.6809304268725024;0.6911758102302159;0.006955998648900872;48
20.717791080474854;2.1057851094573965;0.037114715576171874;0.02111996248910984;0.7;0.1;20;100;0.9;{'colsample_bytree': 0.7, 'learning_rate': 0.1, 'max_depth': 20, 'n_estimators': 100, 'subsample': 0.9};0.6941854422907487;0.692072101174958;0.7008410657390474;0.6923649952076267;0.6833676444103849;0.6925662497645533;0.005585577687860904;40
28.077304458618165;2.897540667748035;0.07443490028381347;0.026420917505468277;0.7;0.1;20;200;0.7;{'colsample_bytree': 0.7, 'learning_rate': 0.1, 'max_depth': 20, 'n_estimators': 200, 'subsample': 0.7};0.6848253689578323;0.6860971125074269;0.6958220216581501;0.6858036875284438;0.6771776269860791;0.6859451635275865;0.005928221780048501;70
33.870284461975096;2.7443847823227476;0.05192923545837402;0.0013769145272150237;0.7;0.1;20;200;0.8;{'colsample_bytree': 0.7, 'learning_rate': 0.1, 'max_depth': 20, 'n_estimators': 200, 'subsample': 0.8};0.6889626790169401;0.6856891926823265;0.7000005290154445;0.6925578893914048;0.6789546642575084;0.6892329908727248;0.007003861791000141;60
36.87414784431458;3.595638298568295;0.053380393981933595;0.001471501002316341;0.7;0.1;20;200;0.9;{'colsample_bytree': 0.7, 'learning_rate': 0.1, 'max_depth': 20, 'n_estimators': 200, 'subsample': 0.9};0.692555237311856;0.6906058254463814;0.6994198239011241;0.6907190841368245;0.6819357968540877;0.6910471535300549;0.005580235592094976;49
46.58557782173157;3.3512452860267863;0.10946059226989746;0.03050224222512622;0.7;0.1;20;300;0.7;{'colsample_bytree': 0.7, 'learning_rate': 0.1, 'max_depth': 20, 'n_estimators': 300, 'subsample': 0.7};0.6844449285555374;0.6856900771802408;0.6954534106819394;0.6853986527537235;0.6767982692291397;0.6855570676801162;0.005931842805789972;72
50.407149171829225;5.6770038539722885;0.11695127487182617;0.02943103106289662;0.7;0.1;20;300;0.8;{'colsample_bytree': 0.7, 'learning_rate': 0.1, 'max_depth': 20, 'n_estimators': 300, 'subsample': 0.8};0.6887472271789612;0.6854760854511115;0.699799055601035;0.6923393611411258;0.6787093602311975;0.6890142179206862;0.007016395921795531;61
53.38344278335571;3.7570658231787823;0.1020200252532959;0.024025196093316208;0.7;0.1;20;300;0.9;{'colsample_bytree': 0.7, 'learning_rate': 0.1, 'max_depth': 20, 'n_estimators': 300, 'subsample': 0.9};0.6924203817095889;0.6904804438019558;0.6993056029757075;0.6905827109850344;0.681805391620701;0.6909189062185975;0.005584846210912503;52
31.785352849960326;4.4644510659529075;0.03834228515625;0.0015183327118322766;0.7;0.1;30;100;0.7;{'colsample_bytree': 0.7, 'learning_rate': 0.1, 'max_depth': 30, 'n_estimators': 100, 'subsample': 0.7};0.6885983814948136;0.6877195984629594;0.6991392478655958;0.6899205952420495;0.6786150612951276;0.6887985768721092;0.006528348396357949;63
31.947932291030884;2.2706179545337406;0.04031558036804199;0.000840848287463398;0.7;0.1;30;100;0.8;{'colsample_bytree': 0.7, 'learning_rate': 0.1, 'max_depth': 30, 'n_estimators': 100, 'subsample': 0.8};0.6905422658883025;0.6910198466884192;0.6995510009600516;0.6932251704616754;0.6803006037361472;0.6909277775469191;0.0062085733531572545;51
34.45224905014038;1.5511625206967086;0.04467563629150391;0.008242408424431332;0.7;0.1;30;100;0.9;{'colsample_bytree': 0.7, 'learning_rate': 0.1, 'max_depth': 30, 'n_estimators': 100, 'subsample': 0.9};0.6930381577809102;0.6912283594226709;0.7025314587106868;0.6926897252709042;0.6807074359313281;0.6920390274233;0.0069364966925542755;44
57.328833389282224;3.5049863720332812;0.07598967552185058;0.0012997310360126904;0.7;0.1;30;200;0.7;{'colsample_bytree': 0.7, 'learning_rate': 0.1, 'max_depth': 30, 'n_estimators': 200, 'subsample': 0.7};0.6867836965309007;0.6863019623434203;0.6976307796433259;0.6884347267847206;0.6769922104230489;0.6872286751450833;0.006565064373471607;66
62.70690665245056;3.3850626969651465;0.07923469543457032;0.0008120574407888047;0.7;0.1;30;200;0.8;{'colsample_bytree': 0.7, 'learning_rate': 0.1, 'max_depth': 30, 'n_estimators': 200, 'subsample': 0.8};0.6894667386007879;0.6901172585908248;0.6986452593868447;0.6922710162170442;0.6793151217234474;0.6899630789037898;0.006234676411313341;57
69.57274556159973;3.3556583846840966;0.09017400741577149;0.020005264598724714;0.7;0.1;30;200;0.9;{'colsample_bytree': 0.7, 'learning_rate': 0.1, 'max_depth': 30, 'n_estimators': 200, 'subsample': 0.9};0.6924240900263027;0.6906971774343308;0.7019897665480177;0.6921425779826408;0.68028139973176;0.6915070023446105;0.006896424029288643;46
74.95309195518493;2.3276602747912563;0.13346519470214843;0.027610545396954646;0.7;0.1;30;300;0.7;{'colsample_bytree': 0.7, 'learning_rate': 0.1, 'max_depth': 30, 'n_estimators': 300, 'subsample': 0.7};0.6866718150819078;0.6861915678093832;0.6975005110499178;0.6883051072713203;0.6768908535637432;0.6871119709552544;0.0065552644407677165;67
81.02480912208557;3.248953195249635;0.16132988929748535;0.02887599605059175;0.7;0.1;30;300;0.8;{'colsample_bytree': 0.7, 'learning_rate': 0.1, 'max_depth': 30, 'n_estimators': 300, 'subsample': 0.8};0.6894152870241606;0.6900617264374853;0.6986001783581154;0.6922190434189655;0.6792675905180369;0.6899127651513528;0.006235053882658744;58
70.5531234741211;3.314670374227078;0.12563366889953614;0.030684195948302725;0.7;0.1;30;300;0.9;{'colsample_bytree': 0.7, 'learning_rate': 0.1, 'max_depth': 30, 'n_estimators': 300, 'subsample': 0.9};0.6924049490879425;0.6906765242009043;0.7019758759243098;0.6921209307699243;0.6802600177310547;0.6914876595428272;0.006898739256093454;47
0.8112627983093261;0.11549689075541332;0.008240079879760743;4.03705669177747e-05;0.7;0.01;10;100;0.7;{'colsample_bytree': 0.7, 'learning_rate': 0.01, 'max_depth': 10, 'n_estimators': 100, 'subsample': 0.7};0.5685457657934178;0.565995479027187;0.5733861652673247;0.5709114188375578;0.5698842969455666;0.5697446251742108;0.0024549985968612947;161
0.9585532665252685;0.2917801747293717;0.008113908767700195;4.908722996586363e-05;0.7;0.01;10;100;0.8;{'colsample_bytree': 0.7, 'learning_rate': 0.01, 'max_depth': 10, 'n_estimators': 100, 'subsample': 0.8};0.5694947171879647;0.566481215080211;0.5732872829161979;0.5721182321599687;0.5712599364419775;0.570528276757264;0.002371596620971676;159
0.7486824512481689;0.05350190463039572;0.008258056640625;3.324598124050654e-05;0.7;0.01;10;100;0.9;{'colsample_bytree': 0.7, 'learning_rate': 0.01, 'max_depth': 10, 'n_estimators': 100, 'subsample': 0.9};0.5699964033618229;0.5670705889320728;0.5746148897524855;0.5730209313572214;0.5715719029377964;0.5712549432682797;0.0025923410904504338;156
1.7691340446472168;0.5686487293919048;0.02250356674194336;0.014581026124657085;0.7;0.01;10;200;0.7;{'colsample_bytree': 0.7, 'learning_rate': 0.01, 'max_depth': 10, 'n_estimators': 200, 'subsample': 0.7};0.6745385036098941;0.6735569061236115;0.6808273979097943;0.6792305353931067;0.6716061401320889;0.675951896633699;0.0034968341042243872;126
2.2461037158966066;0.8573187930965206;0.026880502700805664;0.019088756733776656;0.7;0.01;10;200;0.8;{'colsample_bytree': 0.7, 'learning_rate': 0.01, 'max_depth': 10, 'n_estimators': 200, 'subsample': 0.8};0.6752794520260785;0.6738993036625914;0.6812588418147033;0.6802052312056921;0.6722840507862374;0.6765853758990606;0.003531754664564926;119
1.9549193859100342;0.816441635078054;0.027167558670043945;0.01946571286640006;0.7;0.01;10;200;0.9;{'colsample_bytree': 0.7, 'learning_rate': 0.01, 'max_depth': 10, 'n_estimators': 200, 'subsample': 0.9};0.6756373732002683;0.6741541161010575;0.6819821788444707;0.6807913239604464;0.6731038220316958;0.6771337628275877;0.0035844885454812325;112
2.4061638355255126;0.20612252062677808;0.027907562255859376;0.016559769775911316;0.7;0.01;10;300;0.7;{'colsample_bytree': 0.7, 'learning_rate': 0.01, 'max_depth': 10, 'n_estimators': 300, 'subsample': 0.7};0.6969722954281762;0.6962341382706281;0.7040789856621802;0.7019978926603041;0.6915535780580853;0.6981673780158748;0.0044390975567275524;13
2.438511610031128;0.19996802435998376;0.028221988677978517;0.016661653917698423;0.7;0.01;10;300;0.8;{'colsample_bytree': 0.7, 'learning_rate': 0.01, 'max_depth': 10, 'n_estimators': 300, 'subsample': 0.8};0.6972937367707626;0.6962929664523227;0.7040155401805677;0.7027093038187988;0.6916414933971343;0.6983906081239173;0.004504326144718684;12
2.6366082668304442;0.5185987450763295;0.04280390739440918;0.015404102030629564;0.7;0.01;10;300;0.9;{'colsample_bytree': 0.7, 'learning_rate': 0.01, 'max_depth': 10, 'n_estimators': 300, 'subsample': 0.9};0.6975419821584848;0.6961987480339689;0.7048058686067364;0.7030785717639532;0.6922350865315796;0.6987720514189446;0.004600433413776647;10
10.476478910446167;0.5122322987054713;0.02972407341003418;0.015492731679978838;0.7;0.01;20;100;0.7;{'colsample_bytree': 0.7, 'learning_rate': 0.01, 'max_depth': 20, 'n_estimators': 100, 'subsample': 0.7};0.5696562006562419;0.5667953928609133;0.5742734722777982;0.5723021806439514;0.5704932688583271;0.5707041030594463;0.0025185239528793518;158
11.885685062408447;0.3817379776022139;0.023213768005371095;0.0006039034759275332;0.7;0.01;20;100;0.8;{'colsample_bytree': 0.7, 'learning_rate': 0.01, 'max_depth': 20, 'n_estimators': 100, 'subsample': 0.8};0.5711295403208367;0.568551321415715;0.575847492031262;0.5731749661027256;0.5719992137699216;0.5721405067280922;0.002397336614616125;155
14.165900278091431;1.6719901805833515;0.03195972442626953;0.016643367416618322;0.7;0.01;20;100;0.9;{'colsample_bytree': 0.7, 'learning_rate': 0.01, 'max_depth': 20, 'n_estimators': 100, 'subsample': 0.9};0.5722326409549106;0.5681991579277988;0.5762837074098464;0.5745550485766076;0.5724420183887702;0.5727425146515867;0.0027135837886683844;154
27.477662563323975;1.6245556812816815;0.04909892082214355;0.0011992231408654377;0.7;0.01;20;200;0.7;{'colsample_bytree': 0.7, 'learning_rate': 0.01, 'max_depth': 20, 'n_estimators': 200, 'subsample': 0.7};0.6754531647175638;0.6744725065840735;0.6820682953793817;0.6790955420204016;0.6719241032716827;0.6766027223946207;0.0035731055648646724;118
26.80686902999878;1.0905395046219346;0.05028519630432129;0.0015813550229483262;0.7;0.01;20;200;0.8;{'colsample_bytree': 0.7, 'learning_rate': 0.01, 'max_depth': 20, 'n_estimators': 200, 'subsample': 0.8};0.6755457548532587;0.6750432238488709;0.6825420031650593;0.678858234497867;0.672905998295561;0.6769790429321234;0.0033725150954597083;114
28.7519624710083;1.4322937148147825;0.06768221855163574;0.021654924503609042;0.7;0.01;20;200;0.9;{'colsample_bytree': 0.7, 'learning_rate': 0.01, 'max_depth': 20, 'n_estimators': 200, 'subsample': 0.9};0.6764359929505106;0.6741867841434643;0.6823074093914108;0.6795014365177034;0.671919355670203;0.6768701957346585;0.0036982906207291798;116
39.69943776130676;1.58162200372533;0.09240570068359374;0.017861752105547666;0.7;0.01;20;300;0.7;{'colsample_bytree': 0.7, 'learning_rate': 0.01, 'max_depth': 20, 'n_estimators': 300, 'subsample': 0.7};0.6968552493178968;0.6965186946440969;0.704032272135618;0.7001965428717594;0.6907214195827633;0.6976648357104269;0.004407581758116107;17
44.68883538246155;2.3941226590976425;0.08182177543640137;0.00579578910699751;0.7;0.01;20;300;0.8;{'colsample_bytree': 0.7, 'learning_rate': 0.01, 'max_depth': 20, 'n_estimators': 300, 'subsample': 0.8};0.6963626234379632;0.6967884814869818;0.70416087017383;0.6991302306814882;0.690814310268478;0.6974513032097482;0.004324611378725193;18
45.98955945968628;1.6973536113437995;0.08347883224487304;0.006549722365952557;0.7;0.01;20;300;0.9;{'colsample_bytree': 0.7, 'learning_rate': 0.01, 'max_depth': 20, 'n_estimators': 300, 'subsample': 0.9};0.6967749385424238;0.6952691000212039;0.7033349173005676;0.699524617823618;0.6897329850109896;0.6969273117397605;0.004524038653487886;21
21.296423578262328;3.654010226640187;0.02988734245300293;0.0029989809980921762;0.7;0.01;30;100;0.7;{'colsample_bytree': 0.7, 'learning_rate': 0.01, 'max_depth': 30, 'n_estimators': 100, 'subsample': 0.7};0.5684338700836502;0.5653122834888561;0.5730794219402526;0.5707539912977506;0.5692922204747648;0.5693743574570549;0.0025699260793088144;162
20.500505352020262;1.1352365618173874;0.02992219924926758;0.0012475091923606506;0.7;0.01;30;100;0.8;{'colsample_bytree': 0.7, 'learning_rate': 0.01, 'max_depth': 30, 'n_estimators': 100, 'subsample': 0.8};0.5695210513099145;0.5666546811555668;0.5743130720069973;0.5715454085339189;0.5702722557347215;0.5704612937482239;0.0025068542545287503;160
22.718851613998414;2.4247208630991905;0.03828573226928711;0.01586461801685411;0.7;0.01;30;100;0.9;{'colsample_bytree': 0.7, 'learning_rate': 0.01, 'max_depth': 30, 'n_estimators': 100, 'subsample': 0.9};0.5701034482600837;0.5665927567158026;0.574743386945362;0.572189801853799;0.57085099946668;0.5708960786483455;0.002669246170166452;157
42.00558800697327;3.288468037498954;0.06693549156188965;0.0057886808251282635;0.7;0.01;30;200;0.7;{'colsample_bytree': 0.7, 'learning_rate': 0.01, 'max_depth': 30, 'n_estimators': 200, 'subsample': 0.7};0.6738596359022007;0.6725591220515299;0.680749789729259;0.6771533056966382;0.6708752620275484;0.6750394230814353;0.003520250423858486;129
48.849227857589725;4.307189744272689;0.07217559814453126;0.008569366436535372;0.7;0.01;30;200;0.8;{'colsample_bytree': 0.7, 'learning_rate': 0.01, 'max_depth': 30, 'n_estimators': 200, 'subsample': 0.8};0.6738857955453433;0.6729382580649165;0.6811830663459251;0.677085543141191;0.6708589683977998;0.6751903262990352;0.0036066342546878065;128
48.32983932495117;1.3317871017482072;0.06666440963745117;0.0008247845778126623;0.7;0.01;30;200;0.9;{'colsample_bytree': 0.7, 'learning_rate': 0.01, 'max_depth': 30, 'n_estimators': 200, 'subsample': 0.9};0.6738984102217018;0.6725152801176615;0.6804733550749414;0.6767533324711382;0.6702667128659742;0.6747814181502834;0.0035379157828326316;132
68.95002722740173;3.6360444991416623;0.11952543258666992;0.02751797817096394;0.7;0.01;30;300;0.7;{'colsample_bytree': 0.7, 'learning_rate': 0.01, 'max_depth': 30, 'n_estimators': 300, 'subsample': 0.7};0.6952776435637235;0.6945369452303054;0.7027517405081711;0.6985730666709786;0.6895835393127565;0.6961445870571871;0.0043803068551997;25
76.08378868103027;6.124513713826909;0.11449484825134278;0.014640186987512807;0.7;0.01;30;300;0.8;{'colsample_bytree': 0.7, 'learning_rate': 0.01, 'max_depth': 30, 'n_estimators': 300, 'subsample': 0.8};0.6947023825082572;0.6946656687768908;0.7030872431099051;0.6976438301984369;0.6889336103723658;0.6958065469931712;0.0046074328129298275;27
81.6106824874878;2.7767821364426766;0.13348603248596191;0.03519582525082403;0.7;0.01;30;300;0.9;{'colsample_bytree': 0.7, 'learning_rate': 0.01, 'max_depth': 30, 'n_estimators': 300, 'subsample': 0.9};0.6943814007946518;0.6936313178570079;0.7018452531086337;0.6969021792401255;0.6881836886999034;0.6949887679400645;0.004454058839130852;32
0.7300941944122314;0.07010199698930795;0.0084228515625;0.0002044843753259343;0.7;0.001;10;100;0.7;{'colsample_bytree': 0.7, 'learning_rate': 0.001, 'max_depth': 10, 'n_estimators': 100, 'subsample': 0.7};0.10951334930964152;0.1085133753960893;0.11017796196642837;0.10948452526299379;0.11036454628897152;0.1096107516448249;0.0006510896804797358;243
0.8746280670166016;0.20730248576005467;0.008443880081176757;0.00021616177577789953;0.7;0.001;10;100;0.8;{'colsample_bytree': 0.7, 'learning_rate': 0.001, 'max_depth': 10, 'n_estimators': 100, 'subsample': 0.8};0.10966844093606842;0.10876595361765307;0.11031170724126715;0.10987127210607295;0.11074478991167158;0.10987243276254663;0.0006663151167071565;242
0.7974287986755371;0.1352259437914274;0.008455991744995117;0.0005507763322183592;0.7;0.001;10;100;0.9;{'colsample_bytree': 0.7, 'learning_rate': 0.001, 'max_depth': 10, 'n_estimators': 100, 'subsample': 0.9};0.10988298992185686;0.10892625161879499;0.11059021172307515;0.11016171519429119;0.11105173651528699;0.11012258099466103;0.0007172374534245964;240
1.5044176578521729;0.19144606331143407;0.01905646324157715;0.015343304703250711;0.7;0.001;10;200;0.7;{'colsample_bytree': 0.7, 'learning_rate': 0.001, 'max_depth': 10, 'n_estimators': 200, 'subsample': 0.7};0.20187839252815665;0.20004609247754945;0.20302316231987538;0.20226382095982387;0.20342160865169112;0.20212661538741933;0.0011738670701624172;216
1.5301031589508056;0.162142651579138;0.03410468101501465;0.017401156517093085;0.7;0.001;10;200;0.8;{'colsample_bytree': 0.7, 'learning_rate': 0.001, 'max_depth': 10, 'n_estimators': 200, 'subsample': 0.8};0.20220633142133604;0.2004834804910528;0.20335605062007;0.20285959310006352;0.20410130010297023;0.20260135114709854;0.0012269901198034346;215
1.3947086334228516;0.03245797767966917;0.01876215934753418;0.015006095101169773;0.7;0.001;10;200;0.9;{'colsample_bytree': 0.7, 'learning_rate': 0.001, 'max_depth': 10, 'n_estimators': 200, 'subsample': 0.9};0.20253853237867336;0.20094126101885235;0.20387321384122736;0.20331866275228683;0.20464519449157026;0.20306337289652204;0.0012650684736614827;214
2.178140068054199;0.13467641604159775;0.028053855895996092;0.016672512674660845;0.7;0.001;10;300;0.7;{'colsample_bytree': 0.7, 'learning_rate': 0.001, 'max_depth': 10, 'n_estimators': 300, 'subsample': 0.7};0.2767585426016026;0.2744864073951382;0.27864797947888376;0.27746036770127447;0.2788910215655859;0.277248863748497;0.0015855926952774828;189
2.47334885597229;0.5154548780324358;0.014579868316650391;0.0002833851535521138;0.7;0.001;10;300;0.8;{'colsample_bytree': 0.7, 'learning_rate': 0.001, 'max_depth': 10, 'n_estimators': 300, 'subsample': 0.8};0.2770684063868999;0.27500011555538284;0.2790309764516461;0.27817313790262677;0.27968292366503067;0.27779111199231726;0.0016476725148980068;188
2.3489593029022218;0.37702707667196406;0.01880507469177246;0.008603073570337225;0.7;0.001;10;300;0.9;{'colsample_bytree': 0.7, 'learning_rate': 0.001, 'max_depth': 10, 'n_estimators': 300, 'subsample': 0.9};0.27762632981580915;0.27550433880206626;0.2796157248693224;0.27878758838494266;0.28028872808549643;0.2783645419915274;0.0016836055636802335;187
10.211951684951782;1.1756768187975088;0.02166128158569336;0.0010615232037080207;0.7;0.001;20;100;0.7;{'colsample_bytree': 0.7, 'learning_rate': 0.001, 'max_depth': 20, 'n_estimators': 100, 'subsample': 0.7};0.11012635841255758;0.10907833673298839;0.11078604403612669;0.11044075994077851;0.11103245281870788;0.11029279038823181;0.0006804251529685208;239
11.442079877853393;1.6385096090497242;0.025583744049072266;0.006144515318689536;0.7;0.001;20;100;0.8;{'colsample_bytree': 0.7, 'learning_rate': 0.001, 'max_depth': 20, 'n_estimators': 100, 'subsample': 0.8};0.11076043046155848;0.10962265078080313;0.11124426076752292;0.11101766555678771;0.11164541365386738;0.11085808424410792;0.0006826885388762798;237
13.289678621292115;1.9763044240174783;0.028670215606689455;0.012588197947055473;0.7;0.001;20;100;0.9;{'colsample_bytree': 0.7, 'learning_rate': 0.001, 'max_depth': 20, 'n_estimators': 100, 'subsample': 0.9};0.11095330256325275;0.10998345389478215;0.11153630230796652;0.11163649034292655;0.11216761696691413;0.11125543321516843;0.0007436915356746635;235
21.732440423965453;2.0324560733068933;0.044781494140625;0.0010811861013166973;0.7;0.001;20;200;0.7;{'colsample_bytree': 0.7, 'learning_rate': 0.001, 'max_depth': 20, 'n_estimators': 200, 'subsample': 0.7};0.2034387603352349;0.20135000805534586;0.20451176074982058;0.20446340866665758;0.20494846512474263;0.2037424805863603;0.0012947662936819244;212
25.701401948928833;4.513500579861058;0.05498404502868652;0.014272172886761317;0.7;0.001;20;200;0.8;{'colsample_bytree': 0.7, 'learning_rate': 0.001, 'max_depth': 20, 'n_estimators': 200, 'subsample': 0.8};0.20444549230956488;0.20224080771656183;0.20527757882048514;0.20529844565604516;0.20600955737624083;0.20465437637577955;0.0013045051394882654;210
24.797153568267824;0.7344894402866472;0.05833559036254883;0.023126891601560437;0.7;0.001;20;200;0.9;{'colsample_bytree': 0.7, 'learning_rate': 0.001, 'max_depth': 20, 'n_estimators': 200, 'subsample': 0.9};0.2049116267300798;0.20308710173202993;0.20589331479720496;0.20636040627362828;0.20697408551603935;0.20544530700979644;0.0013580300537498308;208
32.27749881744385;3.6139543736392112;0.07088375091552734;0.004625862881224966;0.7;0.001;20;300;0.7;{'colsample_bytree': 0.7, 'learning_rate': 0.001, 'max_depth': 20, 'n_estimators': 300, 'subsample': 0.7};0.27894126610613124;0.2764330351269282;0.2806275707386444;0.28042323575812844;0.2807997242225474;0.2794449663904759;0.0016441640244415085;185
35.82587032318115;2.978582101241612;0.07088670730590821;0.0006946766524101335;0.7;0.001;20;300;0.8;{'colsample_bytree': 0.7, 'learning_rate': 0.001, 'max_depth': 20, 'n_estimators': 300, 'subsample': 0.8};0.27995060476459654;0.27747017299463106;0.2815256243712083;0.2814901774964389;0.28203124530324175;0.2804935649860233;0.0016648452639265261;183
38.831354188919065;2.4531812328317657;0.0845792293548584;0.0214961510167647;0.7;0.001;20;300;0.9;{'colsample_bytree': 0.7, 'learning_rate': 0.001, 'max_depth': 20, 'n_estimators': 300, 'subsample': 0.9};0.2807882172418825;0.2784355930804949;0.2822431544275015;0.28265982991405814;0.28324386752767994;0.28147413243832337;0.0017223493661905026;181
17.113370418548584;1.6958591287123923;0.0281097412109375;0.00511882774960652;0.7;0.001;30;100;0.7;{'colsample_bytree': 0.7, 'learning_rate': 0.001, 'max_depth': 30, 'n_estimators': 100, 'subsample': 0.7};0.10989718852960839;0.10885722135695786;0.11054209718688135;0.11020114102962686;0.11079652555416475;0.11005883473144784;0.0006734961959174106;241
18.57964539527893;1.9684547729414628;0.0378514289855957;0.022635913055706305;0.7;0.001;30;100;0.8;{'colsample_bytree': 0.7, 'learning_rate': 0.001, 'max_depth': 30, 'n_estimators': 100, 'subsample': 0.8};0.11050390045525549;0.10935937963350228;0.11095707820938971;0.11072982614693838;0.11139683327174987;0.11058940354336715;0.0006822192508014716;238
20.987444734573366;1.6869361225270745;0.05053973197937012;0.026342877917443955;0.7;0.001;30;100;0.9;{'colsample_bytree': 0.7, 'learning_rate': 0.001, 'max_depth': 30, 'n_estimators': 100, 'subsample': 0.9};0.11069059886211507;0.10971801304161688;0.11129897930658539;0.11133455583572993;0.11188580991751806;0.11098559139271306;0.0007381269577423301;236
33.0405454158783;3.0415775314318503;0.055561161041259764;0.0029506334643038816;0.7;0.001;30;200;0.7;{'colsample_bytree': 0.7, 'learning_rate': 0.001, 'max_depth': 30, 'n_estimators': 200, 'subsample': 0.7};0.20302477788476958;0.20095108679112084;0.20409582041642693;0.204003133982263;0.2045214210069517;0.2033192480163064;0.0012814745298552063;213
35.68518953323364;1.8594716686009904;0.06096329689025879;0.00809221622435314;0.7;0.001;30;200;0.8;{'colsample_bytree': 0.7, 'learning_rate': 0.001, 'max_depth': 30, 'n_estimators': 200, 'subsample': 0.8};0.20397792758956412;0.2017717806761662;0.20478129711662918;0.20480482650797938;0.2055683664811382;0.2041808396742954;0.0013053641575414595;211
43.27622079849243;2.686436380582715;0.058477592468261716;0.0009405673006298695;0.7;0.001;30;200;0.9;{'colsample_bytree': 0.7, 'learning_rate': 0.001, 'max_depth': 30, 'n_estimators': 200, 'subsample': 0.9};0.2044228991972088;0.2025954798241999;0.20544028217092614;0.20579094287632338;0.2064553616825885;0.20494099315024936;0.0013442373467221816;209
48.345831060409544;2.3218206944549395;0.08821535110473633;0.009090284535014492;0.7;0.001;30;300;0.7;{'colsample_bytree': 0.7, 'learning_rate': 0.001, 'max_depth': 30, 'n_estimators': 300, 'subsample': 0.7};0.2782833970234936;0.2757718675273586;0.28000852770509943;0.2796704179837054;0.28013718962279843;0.2787742799724911;0.0016394755305155222;186
57.786775779724124;3.1133981518943807;0.08662753105163574;0.00047996087683245363;0.7;0.001;30;300;0.8;{'colsample_bytree': 0.7, 'learning_rate': 0.001, 'max_depth': 30, 'n_estimators': 300, 'subsample': 0.8};0.27921144511911533;0.27674785905921484;0.28078142947124285;0.2807270035246242;0.2813410506839421;0.2797617575716279;0.0016644533820903038;184
58.17194547653198;1.7427983010349828;0.09292492866516114;0.005400621081714589;0.7;0.001;30;300;0.9;{'colsample_bytree': 0.7, 'learning_rate': 0.001, 'max_depth': 30, 'n_estimators': 300, 'subsample': 0.9};0.2800071384844516;0.27765914755634635;0.2815222108337718;0.2817672736088982;0.28244299308679155;0.28067975271405193;0.0017075080915115197;182
0.740159559249878;0.06588728219487153;0.008388280868530273;0.0006692364753353293;0.8;0.1;10;100;0.7;{'colsample_bytree': 0.8, 'learning_rate': 0.1, 'max_depth': 10, 'n_estimators': 100, 'subsample': 0.7};0.7006486111479795;0.6987978955785796;0.7096381531060101;0.703653565975643;0.6915802008234145;0.7008636853263253;0.005920667995319958;6
0.8586380958557129;0.176912547066361;0.008386993408203125;0.0007609605098213628;0.8;0.1;10;100;0.8;{'colsample_bytree': 0.8, 'learning_rate': 0.1, 'max_depth': 10, 'n_estimators': 100, 'subsample': 0.8};0.6995026066375016;0.6983725806391108;0.7080197120641489;0.7038480917489393;0.6921334930190076;0.7003752968217416;0.00535158255459672;8
0.7104074001312256;0.04402593091598191;0.008092355728149415;2.8132341656219725e-05;0.8;0.1;10;100;0.9;{'colsample_bytree': 0.8, 'learning_rate': 0.1, 'max_depth': 10, 'n_estimators': 100, 'subsample': 0.9};0.7010996351905745;0.7011049992098233;0.7094774475614716;0.7056472563586726;0.6927798187390395;0.7020218314119163;0.005582754582052486;4
1.6320638179779052;0.24655948459732605;0.018790721893310547;0.015403796296901081;0.8;0.1;10;200;0.7;{'colsample_bytree': 0.8, 'learning_rate': 0.1, 'max_depth': 10, 'n_estimators': 200, 'subsample': 0.7};0.6930653093970256;0.6913816421003643;0.7030290731445994;0.6959317882325882;0.6831318229383327;0.6933079271625822;0.006460771793249732;37
1.581651782989502;0.2344935030953711;0.01708216667175293;0.007210401631357296;0.8;0.1;10;200;0.8;{'colsample_bytree': 0.8, 'learning_rate': 0.1, 'max_depth': 10, 'n_estimators': 200, 'subsample': 0.8};0.6924954155240111;0.6912687650344438;0.7025394810363291;0.6973374092931092;0.685386190781107;0.6938054523338;0.005792977150470858;35
1.4798041820526122;0.05914136039833129;0.03415231704711914;0.019028620405721113;0.8;0.1;10;200;0.9;{'colsample_bytree': 0.8, 'learning_rate': 0.1, 'max_depth': 10, 'n_estimators': 200, 'subsample': 0.9};0.6956822518039564;0.6945714731509663;0.7043318156725997;0.6987591343332648;0.6872805068269983;0.6961250363575571;0.005570009304949965;26
2.355628728866577;0.251072473629295;0.0233856201171875;0.017553467858163897;0.8;0.1;10;300;0.7;{'colsample_bytree': 0.8, 'learning_rate': 0.1, 'max_depth': 10, 'n_estimators': 300, 'subsample': 0.7};0.6869893293556626;0.6851106881853055;0.6963049229885474;0.6894905955800777;0.6768522850102925;0.6869495642239772;0.006313757547402575;69
2.7277853012084963;0.822095250424295;0.02232985496520996;0.011197771124255618;0.8;0.1;10;300;0.8;{'colsample_bytree': 0.8, 'learning_rate': 0.1, 'max_depth': 10, 'n_estimators': 300, 'subsample': 0.8};0.6863361204190085;0.6853780891461252;0.6963565383121268;0.6907784243181554;0.678909783958729;0.687551791230829;0.005810711801709653;65
2.298911714553833;0.22179437859626314;0.02061433792114258;0.012363326594490225;0.8;0.1;10;300;0.9;{'colsample_bytree': 0.8, 'learning_rate': 0.1, 'max_depth': 10, 'n_estimators': 300, 'subsample': 0.9};0.6899080576980767;0.6901995575858921;0.6985219831867358;0.6938673769196047;0.6816651337857016;0.6908324218352021;0.005543183968477213;53
14.08029751777649;1.1383209654233428;0.03298640251159668;0.016307953477141608;0.8;0.1;20;100;0.7;{'colsample_bytree': 0.8, 'learning_rate': 0.1, 'max_depth': 20, 'n_estimators': 100, 'subsample': 0.7};0.680552892769988;0.681191758383408;0.6913012039979879;0.684807858773826;0.6715765675293623;0.6818860562909144;0.006414465982100528;83
14.954031610488892;0.6052147549708113;0.029778766632080077;0.0043458007291258035;0.8;0.1;20;100;0.8;{'colsample_bytree': 0.8, 'learning_rate': 0.1, 'max_depth': 20, 'n_estimators': 100, 'subsample': 0.8};0.6816228007443188;0.6813872437425708;0.6922335271635935;0.6831106039388304;0.6752034613951811;0.682711527396899;0.005479741775860667;82
16.708733749389648;0.6341525119600445;0.032155752182006836;0.0118450481395345;0.8;0.1;20;100;0.9;{'colsample_bytree': 0.8, 'learning_rate': 0.1, 'max_depth': 20, 'n_estimators': 100, 'subsample': 0.9};0.6852441889778218;0.6842471802729325;0.6951685155471645;0.6870756641019372;0.6750471775818288;0.6853565452963369;0.006430497757425956;73
29.884141302108766;1.6140812645123173;0.06591095924377441;0.021854885500843437;0.8;0.1;20;200;0.7;{'colsample_bytree': 0.8, 'learning_rate': 0.1, 'max_depth': 20, 'n_estimators': 200, 'subsample': 0.7};0.6782158759837382;0.6792659783058843;0.689299601374664;0.6825385290636652;0.6694598880415498;0.6797559745539004;0.006441192745020192;89
35.961746549606325;4.408513177769337;0.06456294059753417;0.021090868208209403;0.8;0.1;20;200;0.8;{'colsample_bytree': 0.8, 'learning_rate': 0.1, 'max_depth': 20, 'n_estimators': 200, 'subsample': 0.8};0.6801831917002633;0.6802130761886785;0.6910312222770351;0.6817457853517929;0.6739741599175046;0.681429487087055;0.00549378146854497;85
37.916085720062256;3.163383657060391;0.06783666610717773;0.024708728321885892;0.8;0.1;20;200;0.9;{'colsample_bytree': 0.8, 'learning_rate': 0.1, 'max_depth': 20, 'n_estimators': 200, 'subsample': 0.9};0.6842596542638453;0.6833262445312493;0.6944023306397767;0.6861091977903857;0.6741674377671597;0.6844529729984834;0.006462691733364864;76
45.31207585334778;1.6461238405718064;0.09259066581726075;0.022053773767866176;0.8;0.1;20;300;0.7;{'colsample_bytree': 0.8, 'learning_rate': 0.1, 'max_depth': 20, 'n_estimators': 300, 'subsample': 0.7};0.6780351686345578;0.6790803324253819;0.689118939202055;0.6823326491414186;0.6692919397014478;0.6795718058209722;0.006435036270493407;90
49.93053016662598;3.712846116458691;0.08843884468078614;0.01001492191432875;0.8;0.1;20;300;0.8;{'colsample_bytree': 0.8, 'learning_rate': 0.1, 'max_depth': 20, 'n_estimators': 300, 'subsample': 0.8};0.6800914059569814;0.6801306057960085;0.6909461629500406;0.6816530061491801;0.6738880633681654;0.6813418488440751;0.005494166058116987;86
48.55794744491577;1.0717740362027268;0.08536434173583984;0.008745606384336914;0.8;0.1;20;300;0.9;{'colsample_bytree': 0.8, 'learning_rate': 0.1, 'max_depth': 20, 'n_estimators': 300, 'subsample': 0.9};0.6842030917150838;0.6832764029193852;0.6943584237820182;0.6860648032246384;0.6741308209308421;0.6844067085143936;0.006460632027981014;77
30.504944610595704;3.437142775005369;0.047417831420898435;0.01631259447815266;0.8;0.1;30;100;0.7;{'colsample_bytree': 0.8, 'learning_rate': 0.1, 'max_depth': 30, 'n_estimators': 100, 'subsample': 0.7};0.6788488731930395;0.6800696898132398;0.6914611042931401;0.6853308610778128;0.6724782723523093;0.6816377601459085;0.006391713954384282;84
38.5249261379242;5.0737792219177695;0.043807363510131835;0.005685218864590415;0.8;0.1;30;100;0.8;{'colsample_bytree': 0.8, 'learning_rate': 0.1, 'max_depth': 30, 'n_estimators': 100, 'subsample': 0.8};0.6830144545523051;0.6820274106117123;0.6923613341367666;0.6850622732949185;0.6737152127083286;0.6832361370608062;0.005979333717222514;79
38.5054491519928;1.312355730517916;0.04384503364562988;0.002751928069660793;0.8;0.1;30;100;0.9;{'colsample_bytree': 0.8, 'learning_rate': 0.1, 'max_depth': 30, 'n_estimators': 100, 'subsample': 0.9};0.6833146287805372;0.687477569762599;0.6941320076315014;0.6865999916238753;0.676361989800359;0.6855772375197744;0.005794507211008285;71
55.902853441238406;1.279903215709744;0.08726339340209961;0.011932267052272365;0.8;0.1;30;200;0.7;{'colsample_bytree': 0.8, 'learning_rate': 0.1, 'max_depth': 30, 'n_estimators': 200, 'subsample': 0.7};0.6779302712093758;0.6791751901459258;0.6907968561997273;0.6844624151982088;0.67153656271947;0.6807802590945415;0.006481282143053214;87
62.30474843978882;2.362463050229704;0.08655295372009278;0.010148077242069722;0.8;0.1;30;200;0.8;{'colsample_bytree': 0.8, 'learning_rate': 0.1, 'max_depth': 30, 'n_estimators': 200, 'subsample': 0.8};0.6825835629357873;0.6815995294397026;0.6919087517175896;0.6846008896040963;0.6732251494810071;0.6827835766356365;0.005989606825398688;80
65.69302105903625;3.027831617464403;0.08880877494812012;0.02383919624062589;0.8;0.1;30;200;0.9;{'colsample_bytree': 0.8, 'learning_rate': 0.1, 'max_depth': 30, 'n_estimators': 200, 'subsample': 0.9};0.6830215232221077;0.6872331351401806;0.693876361731311;0.6863785510279246;0.67611686617205;0.6853252874587148;0.005796075748088966;74
69.50819563865662;1.5955721756125223;0.1145777702331543;0.019709768793160377;0.8;0.1;30;300;0.7;{'colsample_bytree': 0.8, 'learning_rate': 0.1, 'max_depth': 30, 'n_estimators': 300, 'subsample': 0.7};0.6778906329775967;0.6791376752277544;0.6907637414822566;0.684425765831261;0.6714941235587712;0.680742387815528;0.006484331929015798;88
67.43385066986085;3.7367828660253917;0.10042057037353516;0.019210969154611693;0.8;0.1;30;300;0.8;{'colsample_bytree': 0.8, 'learning_rate': 0.1, 'max_depth': 30, 'n_estimators': 300, 'subsample': 0.8};0.6825755259209738;0.6815881033121061;0.6918988375344313;0.6845899166364167;0.6732143087049653;0.6827733384217787;0.005989885669067753;81
65.40399556159973;2.0376963796525525;0.08899116516113281;0.019832184081870128;0.8;0.1;30;300;0.9;{'colsample_bytree': 0.8, 'learning_rate': 0.1, 'max_depth': 30, 'n_estimators': 300, 'subsample': 0.9};0.6830193517227863;0.6872301240901544;0.6938747619381426;0.6863779459765929;0.6761135395588751;0.6853231446573103;0.0057966131913828114;75
0.833824872970581;0.06400425929466;0.016809368133544923;0.017021972335686957;0.8;0.01;10;100;0.7;{'colsample_bytree': 0.8, 'learning_rate': 0.01, 'max_depth': 10, 'n_estimators': 100, 'subsample': 0.7};0.5817052029956639;0.5792997094109777;0.5862108795750909;0.583524401187153;0.5825461919616453;0.582657277026106;0.0022615057164628127;149
0.7994016647338867;0.11545569625895184;0.008309888839721679;5.915306690029233e-05;0.8;0.01;10;100;0.8;{'colsample_bytree': 0.8, 'learning_rate': 0.01, 'max_depth': 10, 'n_estimators': 100, 'subsample': 0.8};0.582313888963635;0.580049078680597;0.5867173601229094;0.5841159794192199;0.5830946796668908;0.5832581973706504;0.002187166942111066;148
0.9415410041809082;0.3056730552799901;0.00838613510131836;0.0002553285108153536;0.8;0.01;10;100;0.9;{'colsample_bytree': 0.8, 'learning_rate': 0.01, 'max_depth': 10, 'n_estimators': 100, 'subsample': 0.9};0.5829261624155384;0.5802445099435561;0.5873672574883988;0.584626987484875;0.5833898043797642;0.5837109443424265;0.0023213333173112967;146
1.4907607555389404;0.05118709113843531;0.019035911560058592;0.015359794671123255;0.8;0.01;10;200;0.7;{'colsample_bytree': 0.8, 'learning_rate': 0.01, 'max_depth': 10, 'n_estimators': 200, 'subsample': 0.7};0.6775102892126075;0.676793651440392;0.6835497733259066;0.6814835958477534;0.6744777027034456;0.6787630025060211;0.003290174208953936;100
1.664267110824585;0.19062990372522096;0.018611335754394533;0.01300942660011593;0.8;0.01;10;200;0.8;{'colsample_bytree': 0.8, 'learning_rate': 0.01, 'max_depth': 10, 'n_estimators': 200, 'subsample': 0.8};0.6780414109763897;0.6775514235912968;0.6840319394339298;0.6816142683592685;0.6752026080203405;0.6792883300762451;0.0031361312068181363;94
1.816057014465332;0.5269708074577844;0.019719505310058595;0.016130516960550626;0.8;0.01;10;200;0.9;{'colsample_bytree': 0.8, 'learning_rate': 0.01, 'max_depth': 10, 'n_estimators': 200, 'subsample': 0.9};0.6781748364526005;0.6773503783989259;0.6845534153691767;0.6818233317344896;0.6749308323127974;0.679366558853598;0.0034088141443349438;92
2.403241586685181;0.25884800027718297;0.021406793594360353;0.013694340148949465;0.8;0.01;10;300;0.7;{'colsample_bytree': 0.8, 'learning_rate': 0.01, 'max_depth': 10, 'n_estimators': 300, 'subsample': 0.7};0.6965447954379382;0.6961729002591899;0.703544608697105;0.7009611543487514;0.6912620616722691;0.6976971040830507;0.0042404744472107755;16
2.4488110065460207;0.23682236739024068;0.01526031494140625;0.0008121515843345986;0.8;0.01;10;300;0.8;{'colsample_bytree': 0.8, 'learning_rate': 0.01, 'max_depth': 10, 'n_estimators': 300, 'subsample': 0.8};0.6971334591317239;0.6966789099123848;0.7039462630570845;0.7011193171816703;0.6915974102422644;0.6980950719050256;0.004207904903633981;14
2.355156898498535;0.23275943358746326;0.02140345573425293;0.0136922840689348;0.8;0.01;10;300;0.9;{'colsample_bytree': 0.8, 'learning_rate': 0.01, 'max_depth': 10, 'n_estimators': 300, 'subsample': 0.9};0.6965535114824757;0.6961869821366545;0.7040944480395066;0.701102611688972;0.6910738574170397;0.6978022821529297;0.004470432827974848;15
12.274147510528564;0.6912077067356784;0.022979545593261718;0.001043890458277975;0.8;0.01;20;100;0.7;{'colsample_bytree': 0.8, 'learning_rate': 0.01, 'max_depth': 20, 'n_estimators': 100, 'subsample': 0.7};0.580063848231551;0.5786980510807601;0.5863085805188286;0.584029709643888;0.5821636633231349;0.5822527705596325;0.00272185446215311;150
13.459238052368164;2.0360511960986343;0.046010923385620114;0.01764520961062678;0.8;0.01;20;100;0.8;{'colsample_bytree': 0.8, 'learning_rate': 0.01, 'max_depth': 20, 'n_estimators': 100, 'subsample': 0.8};0.5818705521660723;0.5795056877525016;0.5875708593950161;0.5849005359172745;0.5835750880567585;0.5834845446575246;0.0027257098716403044;147
13.828003454208375;1.8243574915003113;0.0295135498046875;0.01155120032537605;0.8;0.01;20;100;0.9;{'colsample_bytree': 0.8, 'learning_rate': 0.01, 'max_depth': 20, 'n_estimators': 100, 'subsample': 0.9};0.5822264910967576;0.5804520950307559;0.5877205792689784;0.5851569175749357;0.5835657925010234;0.5838243750944901;0.0024879086594006847;145
27.334323835372924;1.2983801002859654;0.062150001525878906;0.02392866959115506;0.8;0.01;20;200;0.7;{'colsample_bytree': 0.8, 'learning_rate': 0.01, 'max_depth': 20, 'n_estimators': 200, 'subsample': 0.7};0.6760428553035639;0.6767410809177388;0.6841432185164706;0.6815867204817785;0.6738827076636555;0.6784793165766414;0.0037900491937095165;102
28.530952167510986;1.4407666317570529;0.05171270370483398;0.0010743955703212205;0.8;0.01;20;200;0.8;{'colsample_bytree': 0.8, 'learning_rate': 0.01, 'max_depth': 20, 'n_estimators': 200, 'subsample': 0.8};0.677013679803389;0.6761837387616461;0.6844580999957425;0.6813623469772343;0.6747206086609334;0.678747694839789;0.003612291097185397;101
30.224640703201295;1.7041866804513546;0.0628042221069336;0.018817513867217518;0.8;0.01;20;200;0.9;{'colsample_bytree': 0.8, 'learning_rate': 0.01, 'max_depth': 20, 'n_estimators': 200, 'subsample': 0.9};0.6763714582937292;0.6761314723972995;0.6842371546372812;0.6797953328448052;0.6733307540699395;0.6779732344486109;0.0037434512703063815;106
40.907029962539674;3.2613208955750417;0.07733893394470215;0.0013783536088736407;0.8;0.01;20;300;0.7;{'colsample_bytree': 0.8, 'learning_rate': 0.01, 'max_depth': 20, 'n_estimators': 300, 'subsample': 0.7};0.6932804487352618;0.6952214284119024;0.7023237824310895;0.6991342787517683;0.6884338384887801;0.6956787553637604;0.004786373778993346;29
43.05548753738403;1.2471764542782902;0.09084362983703613;0.0207541368938237;0.8;0.01;20;300;0.8;{'colsample_bytree': 0.8, 'learning_rate': 0.01, 'max_depth': 20, 'n_estimators': 300, 'subsample': 0.8};0.6937177821028487;0.6938842180863023;0.7020599432943411;0.6987044489612484;0.6885185036344088;0.69537697921583;0.0046422843930946115;31
47.625506258010866;1.9964709932826499;0.09289116859436035;0.020683867676243767;0.8;0.01;20;300;0.9;{'colsample_bytree': 0.8, 'learning_rate': 0.01, 'max_depth': 20, 'n_estimators': 300, 'subsample': 0.9};0.6926682780377396;0.6930077821378784;0.7013691705198273;0.696541105157954;0.6868044490323517;0.6940781569771501;0.004801359815872783;34
19.087932777404784;2.3298211930918464;0.03663511276245117;0.01662112448989831;0.8;0.01;30;100;0.7;{'colsample_bytree': 0.8, 'learning_rate': 0.01, 'max_depth': 30, 'n_estimators': 100, 'subsample': 0.7};0.5787952279291517;0.5775589207745545;0.5851470930969207;0.5824209563462942;0.5806197780746151;0.5809083952443073;0.0026841071427572347;153
20.791258907318117;1.241728927515175;0.03818974494934082;0.01811487689171199;0.8;0.01;30;100;0.8;{'colsample_bytree': 0.8, 'learning_rate': 0.01, 'max_depth': 30, 'n_estimators': 100, 'subsample': 0.8};0.5805470208882914;0.5779505392104407;0.5862317987651899;0.5836594226756096;0.5817455673985719;0.5820268697876206;0.002801150171335541;151
22.518966150283813;1.28657815167254;0.03900303840637207;0.015327764030178503;0.8;0.01;30;100;0.9;{'colsample_bytree': 0.8, 'learning_rate': 0.01, 'max_depth': 30, 'n_estimators': 100, 'subsample': 0.9};0.5800673594206516;0.578810141538288;0.5862652643695427;0.5830857722038425;0.5818678727709804;0.582019282060661;0.0025805920503155565;152
39.82486553192139;0.8477450189468303;0.0648684024810791;0.0006249799219634999;0.8;0.01;30;200;0.7;{'colsample_bytree': 0.8, 'learning_rate': 0.01, 'max_depth': 30, 'n_estimators': 200, 'subsample': 0.7};0.674844262756187;0.675322727813342;0.683058356993745;0.6792339972344288;0.6725077641898245;0.6769934217975054;0.003723837922629703;113
48.248918771743774;3.3156257229332624;0.08093318939208985;0.028049832360686203;0.8;0.01;30;200;0.8;{'colsample_bytree': 0.8, 'learning_rate': 0.01, 'max_depth': 30, 'n_estimators': 200, 'subsample': 0.8};0.6752234169395249;0.6745669905234041;0.6829988152657818;0.6794872559610281;0.6725723637038497;0.6769697684787177;0.0037642370472437446;115
50.451033687591554;2.521106722102557;0.07818922996520997;0.021502486913859514;0.8;0.01;30;200;0.9;{'colsample_bytree': 0.8, 'learning_rate': 0.01, 'max_depth': 30, 'n_estimators': 200, 'subsample': 0.9};0.6741826364142902;0.6747667374016645;0.682039114950911;0.6776236052968996;0.6713683569024212;0.6759960901932373;0.0036161524287551313;124
69.35749292373657;4.385458168965393;0.09838814735412597;0.0018502974641664385;0.8;0.01;30;300;0.7;{'colsample_bytree': 0.8, 'learning_rate': 0.01, 'max_depth': 30, 'n_estimators': 300, 'subsample': 0.7};0.6922930111246145;0.6937730055948887;0.7010364466618896;0.6972468501421702;0.687037544052072;0.6942773715151269;0.004714023186022507;33
72.92903470993042;2.8456757279647964;0.11088228225708008;0.02032824367693012;0.8;0.01;30;300;0.8;{'colsample_bytree': 0.8, 'learning_rate': 0.01, 'max_depth': 30, 'n_estimators': 300, 'subsample': 0.8};0.6921456465800735;0.6923316814429514;0.7007082859674246;0.6968899463655058;0.6868770768788381;0.6937905274469587;0.0046923649488850765;36
83.02588396072387;3.667402675191684;0.11716203689575196;0.028962921725777115;0.8;0.01;30;300;0.9;{'colsample_bytree': 0.8, 'learning_rate': 0.01, 'max_depth': 30, 'n_estimators': 300, 'subsample': 0.9};0.6907827357849441;0.6919136736556954;0.6994063179898888;0.6944984869962307;0.6852941722407605;0.6923790773335039;0.004622440819683181;41
0.8306803226470947;0.2109483079259337;0.008472156524658204;0.0005581826200656183;0.8;0.001;10;100;0.7;{'colsample_bytree': 0.8, 'learning_rate': 0.001, 'max_depth': 10, 'n_estimators': 100, 'subsample': 0.7};0.11621183346972841;0.1150263216919657;0.1166184227094682;0.11629422053727723;0.11699590584210706;0.11622934085010932;0.000661933162377301;234
0.7654629707336426;0.05177501924494382;0.008477020263671874;0.0006321697717902167;0.8;0.001;10;100;0.8;{'colsample_bytree': 0.8, 'learning_rate': 0.001, 'max_depth': 10, 'n_estimators': 100, 'subsample': 0.8};0.11637414214101993;0.11537894070826127;0.11686035967768504;0.11655883802535794;0.11733351574537132;0.1165011592595391;0.0006481785132443985;232
0.983177900314331;0.4103809528056938;0.011233901977539063;0.005465148579269373;0.8;0.001;10;100;0.9;{'colsample_bytree': 0.8, 'learning_rate': 0.001, 'max_depth': 10, 'n_estimators': 100, 'subsample': 0.9};0.11657764821250716;0.11562489909019669;0.11709189716089774;0.11685940752026291;0.11762472088183773;0.11675571457314045;0.0006617241433413663;230
1.4890446662902832;0.07686244929217062;0.03321042060852051;0.0181798583546745;0.8;0.001;10;200;0.7;{'colsample_bytree': 0.8, 'learning_rate': 0.001, 'max_depth': 10, 'n_estimators': 200, 'subsample': 0.7};0.21190823549438742;0.20995454499258748;0.21278611845738704;0.21226600676492946;0.21352796282461395;0.21208857370678108;0.0011980394505699422;207
2.5460829734802246;1.550118508718477;0.02123713493347168;0.019757620578130297;0.8;0.001;10;200;0.8;{'colsample_bytree': 0.8, 'learning_rate': 0.001, 'max_depth': 10, 'n_estimators': 200, 'subsample': 0.8};0.21231075537855915;0.2105583217968512;0.21320931195596304;0.21280790240872416;0.21408357229350117;0.21259397276671974;0.0011719557943725932;205
1.6185985565185548;0.3895705831310279;0.027455520629882813;0.020102010935793047;0.8;0.001;10;200;0.9;{'colsample_bytree': 0.8, 'learning_rate': 0.001, 'max_depth': 10, 'n_estimators': 200, 'subsample': 0.9};0.21260781299270137;0.2108548569296519;0.21356787971460234;0.21315779794335588;0.21461347981925027;0.21296036547991237;0.0012408303391967456;204
2.4671998023986816;0.40016634898963077;0.02067093849182129;0.012062317099748941;0.8;0.001;10;300;0.7;{'colsample_bytree': 0.8, 'learning_rate': 0.001, 'max_depth': 10, 'n_estimators': 300, 'subsample': 0.7};0.29143170392315765;0.2889674522493948;0.29303800953335346;0.29214515030472676;0.2935532697500891;0.2918271171521444;0.0016050572085803373;180
2.429672050476074;0.5698112204570881;0.01760706901550293;0.0061938491364984015;0.8;0.001;10;300;0.8;{'colsample_bytree': 0.8, 'learning_rate': 0.001, 'max_depth': 10, 'n_estimators': 300, 'subsample': 0.8};0.29196849770541955;0.2895861084430641;0.2933912451473526;0.2928219626858194;0.29425033006816625;0.2924036288099644;0.0015930131760063197;179
2.483216714859009;0.44190175516474994;0.0283414363861084;0.016618514192030098;0.8;0.001;10;300;0.9;{'colsample_bytree': 0.8, 'learning_rate': 0.001, 'max_depth': 10, 'n_estimators': 300, 'subsample': 0.9};0.29238994849301836;0.28996326792256377;0.2938836090185919;0.29315914053204184;0.29490297323447556;0.2928597878401383;0.0016687123802645659;178
10.30576558113098;0.6308213423186144;0.021007013320922852;0.0012442320982108323;0.8;0.001;20;100;0.7;{'colsample_bytree': 0.8, 'learning_rate': 0.001, 'max_depth': 20, 'n_estimators': 100, 'subsample': 0.7};0.11647389293485755;0.11518218777803335;0.11695163349335713;0.11680687075325058;0.11745782075563194;0.11657448114302611;0.0007648707733106982;231
11.48306746482849;0.9526045500790162;0.032168006896972655;0.01364832503271411;0.8;0.001;20;100;0.8;{'colsample_bytree': 0.8, 'learning_rate': 0.001, 'max_depth': 20, 'n_estimators': 100, 'subsample': 0.8};0.11686057641335679;0.11573775213409898;0.11731297936502494;0.1174700499610184;0.11802635696486619;0.11708154296767306;0.0007683454954268458;228
11.931515741348267;0.7171943749804499;0.030323362350463866;0.016488313610182756;0.8;0.001;20;100;0.9;{'colsample_bytree': 0.8, 'learning_rate': 0.001, 'max_depth': 20, 'n_estimators': 100, 'subsample': 0.9};0.11718706919232946;0.11626333798677879;0.11770623793811807;0.1178790571838686;0.11838863899908492;0.11748486826003597;0.000721389143807723;226
22.17925395965576;2.088703962645259;0.0442385196685791;0.0019023442205607123;0.8;0.001;20;200;0.7;{'colsample_bytree': 0.8, 'learning_rate': 0.001, 'max_depth': 20, 'n_estimators': 200, 'subsample': 0.7};0.2127781781937178;0.21045794762119907;0.21358368214624412;0.21349281382393492;0.21465990712138705;0.2129945057812966;0.0014035616297584448;203
23.613514375686645;1.9188342147040094;0.04685964584350586;0.004072713127553317;0.8;0.001;20;200;0.8;{'colsample_bytree': 0.8, 'learning_rate': 0.001, 'max_depth': 20, 'n_estimators': 200, 'subsample': 0.8};0.2135725843043843;0.21148836614581346;0.21424384723136203;0.21467537976588336;0.2154667992165158;0.21388939533279178;0.0013488455118576279;201
24.424169492721557;0.7225803634380557;0.045962953567504884;0.000757223902153199;0.8;0.001;20;200;0.9;{'colsample_bytree': 0.8, 'learning_rate': 0.001, 'max_depth': 20, 'n_estimators': 200, 'subsample': 0.9};0.2142084160156158;0.21235987840391857;0.21502020899033025;0.21549344809404147;0.2162082670275054;0.2146580437062823;0.0013203018857006498;199
32.9709746837616;2.7089622181884763;0.06624951362609863;0.001243683734410887;0.8;0.001;20;300;0.7;{'colsample_bytree': 0.8, 'learning_rate': 0.001, 'max_depth': 20, 'n_estimators': 300, 'subsample': 0.7};0.29318961172964186;0.2902920337366264;0.2947065476920562;0.29437384912592546;0.2956278906614359;0.29363798658913715;0.0018460484948410018;176
35.608385229110716;1.4986306751814886;0.07868666648864746;0.022245850112076058;0.8;0.001;20;300;0.8;{'colsample_bytree': 0.8, 'learning_rate': 0.001, 'max_depth': 20, 'n_estimators': 300, 'subsample': 0.8};0.29427904246033165;0.29160698892121895;0.2955389954526818;0.2960491966395533;0.29666859463847683;0.2948285636224525;0.0017922549791264553;174
38.67392168045044;3.2645558107426313;0.06921749114990235;0.0011495387965775098;0.8;0.001;20;300;0.9;{'colsample_bytree': 0.8, 'learning_rate': 0.001, 'max_depth': 20, 'n_estimators': 300, 'subsample': 0.9};0.29523255513142;0.2927147294569623;0.2963893475991698;0.29702741509052355;0.297562609266559;0.2957853313089269;0.0017204930673371858;172
15.980796098709106;1.4206494578740454;0.03285961151123047;0.015402046192935342;0.8;0.001;30;100;0.7;{'colsample_bytree': 0.8, 'learning_rate': 0.001, 'max_depth': 30, 'n_estimators': 100, 'subsample': 0.7};0.11620600337687292;0.11494224056914193;0.11667635256438247;0.11649752350125919;0.117182883877614;0.1163010007778541;0.0007499975676066472;233
19.602011346817015;2.6069302803413654;0.03429007530212402;0.01658710667628281;0.8;0.001;30;100;0.8;{'colsample_bytree': 0.8, 'learning_rate': 0.001, 'max_depth': 30, 'n_estimators': 100, 'subsample': 0.8};0.11654900570727778;0.11546887554213847;0.11704111671461359;0.11717951419848238;0.11771257925578316;0.11679021828365907;0.0007575462022114457;229
20.609307289123535;1.2677002036402996;0.03718438148498535;0.018672695700498704;0.8;0.001;30;100;0.9;{'colsample_bytree': 0.8, 'learning_rate': 0.001, 'max_depth': 30, 'n_estimators': 100, 'subsample': 0.9};0.11685864595293394;0.11598460099572794;0.11742551409758184;0.11756205369439032;0.11806283975044995;0.1171787308982168;0.0007096319288711512;227
34.282411909103395;1.7504975425373626;0.06316905021667481;0.017682286526482544;0.8;0.001;30;200;0.7;{'colsample_bytree': 0.8, 'learning_rate': 0.001, 'max_depth': 30, 'n_estimators': 200, 'subsample': 0.7};0.2122634996385232;0.21004218192577861;0.21308708375899532;0.21295761639473232;0.2142198256636617;0.21251404147633823;0.001386195996953715;206
36.84793553352356;1.2764570035264104;0.06820383071899414;0.020772169341927632;0.8;0.001;30;200;0.8;{'colsample_bytree': 0.8, 'learning_rate': 0.001, 'max_depth': 30, 'n_estimators': 200, 'subsample': 0.8};0.21303502317291667;0.21102424668676067;0.21373380945659914;0.21416599818997784;0.2149152390022524;0.21337486330170136;0.001324264613736986;202
43.27636308670044;2.70740809558992;0.06707177162170411;0.018049762672763665;0.8;0.001;30;200;0.9;{'colsample_bytree': 0.8, 'learning_rate': 0.001, 'max_depth': 30, 'n_estimators': 200, 'subsample': 0.9};0.21357932944994495;0.2118353339694926;0.21455187381694696;0.21491305748746714;0.21561309817072716;0.21409853857891575;0.0013080151276875394;200
51.80182032585144;2.8230720565628817;0.08902397155761718;0.01503586659703273;0.8;0.001;30;300;0.7;{'colsample_bytree': 0.8, 'learning_rate': 0.001, 'max_depth': 30, 'n_estimators': 300, 'subsample': 0.7};0.29254511994990684;0.2897247218775787;0.294056985321522;0.2936409537249014;0.2950058213015052;0.2929947204350828;0.0018157963548319986;177
56.95241723060608;3.7198025938014205;0.0850447177886963;0.0005896241104781433;0.8;0.001;30;300;0.8;{'colsample_bytree': 0.8, 'learning_rate': 0.001, 'max_depth': 30, 'n_estimators': 300, 'subsample': 0.8};0.2935532641304879;0.29091455961505785;0.2948766026360147;0.29529700391074987;0.2958954586382686;0.2941073777861158;0.0017723024649726384;175
60.133898973464966;0.9356160852148797;0.08710904121398926;0.0009643309923390085;0.8;0.001;30;300;0.9;{'colsample_bytree': 0.8, 'learning_rate': 0.001, 'max_depth': 30, 'n_estimators': 300, 'subsample': 0.9};0.2944044411101653;0.2920089770487765;0.2956954199244638;0.2962014854226348;0.29676008524008113;0.2950140817492243;0.001692630695231391;173
0.7563769340515136;0.05512820499615783;0.010494613647460937;0.0031904445935489554;0.9;0.1;10;100;0.7;{'colsample_bytree': 0.9, 'learning_rate': 0.1, 'max_depth': 10, 'n_estimators': 100, 'subsample': 0.7};0.6961935556517354;0.6966861640503383;0.7040277208583252;0.6991912485488372;0.6896867404296885;0.6971570859077849;0.004654023244164095;20
0.8477634429931641;0.09160436245023096;0.008755159378051759;0.0007663196458262375;0.9;0.1;10;100;0.8;{'colsample_bytree': 0.9, 'learning_rate': 0.1, 'max_depth': 10, 'n_estimators': 100, 'subsample': 0.8};0.7003167162723856;0.6955759035529343;0.7058911229580671;0.702887580860905;0.6910567464041337;0.6991456140096851;0.005273486499142795;9
1.0186991691589355;0.5877206974817966;0.009073162078857422;0.0010825215998108205;0.9;0.1;10;100;0.9;{'colsample_bytree': 0.9, 'learning_rate': 0.1, 'max_depth': 10, 'n_estimators': 100, 'subsample': 0.9};0.7008146400138133;0.7006481398448322;0.708277933786072;0.7040083915453965;0.6933079380848302;0.7014114086549889;0.004909143201780582;5
2.1012815952301027;1.0813658471809258;0.029932212829589844;0.018110498203871037;0.9;0.1;10;200;0.7;{'colsample_bytree': 0.9, 'learning_rate': 0.1, 'max_depth': 10, 'n_estimators': 200, 'subsample': 0.7};0.6893906687151274;0.6896159533056805;0.6968080700992441;0.6931076067560605;0.6812284024517676;0.690030140265576;0.00516647260855581;56
1.5405370235443114;0.10510762488571364;0.022253990173339844;0.01522287103652962;0.9;0.1;10;200;0.8;{'colsample_bytree': 0.9, 'learning_rate': 0.1, 'max_depth': 10, 'n_estimators': 200, 'subsample': 0.8};0.6929423480164157;0.6895955943990988;0.6996216638103971;0.6975072804489257;0.6846707935308527;0.692867536041138;0.005385968006097855;39
1.643736219406128;0.2323881205258814;0.034300041198730466;0.019054787803469784;0.9;0.1;10;200;0.9;{'colsample_bytree': 0.9, 'learning_rate': 0.1, 'max_depth': 10, 'n_estimators': 200, 'subsample': 0.9};0.6948249908178667;0.6945606060439291;0.7032848868983608;0.6988156627121345;0.6869327004642796;0.6956837693873141;0.005406772550010983;28
2.2486414909362793;0.2470904044356806;0.023119592666625978;0.01618453004213303;0.9;0.1;10;300;0.7;{'colsample_bytree': 0.9, 'learning_rate': 0.1, 'max_depth': 10, 'n_estimators': 300, 'subsample': 0.7};0.6833132599906242;0.6839527853266241;0.6911181906986403;0.6867560084329362;0.6743323225962121;0.6838945134090074;0.005516274316054252;78
2.3127429485321045;0.102339776318944;0.019557952880859375;0.010461278003764953;0.9;0.1;10;300;0.8;{'colsample_bytree': 0.9, 'learning_rate': 0.1, 'max_depth': 10, 'n_estimators': 300, 'subsample': 0.8};0.6863357437553456;0.6838635341513846;0.6942927216763719;0.6917077589218521;0.678756777746547;0.6869913072503002;0.0055421254621982816;68
2.60740704536438;0.5886053118127804;0.02877197265625;0.017305127112350188;0.9;0.1;10;300;0.9;{'colsample_bytree': 0.9, 'learning_rate': 0.1, 'max_depth': 10, 'n_estimators': 300, 'subsample': 0.9};0.6897476694750335;0.6893633944431579;0.6971989324977581;0.6931076533703435;0.68079175176827;0.6900418803109126;0.005417271298380123;55
13.673475980758667;1.3890378910495578;0.03821258544921875;0.019207830100066617;0.9;0.1;20;100;0.7;{'colsample_bytree': 0.9, 'learning_rate': 0.1, 'max_depth': 20, 'n_estimators': 100, 'subsample': 0.7};0.6721603898991071;0.677121577970373;0.6836493251454725;0.6817133768629762;0.6675418708366405;0.6764373081429138;0.005962200099205536;120
15.193723583221436;0.6522309678137183;0.027943801879882813;0.005224263283633091;0.9;0.1;20;100;0.8;{'colsample_bytree': 0.9, 'learning_rate': 0.1, 'max_depth': 20, 'n_estimators': 100, 'subsample': 0.8};0.6747806896075494;0.6761256552964641;0.6869682368683472;0.6818069946333796;0.6681983178949729;0.6775759788601425;0.006387074613447934;109
17.1024209022522;0.9652479368197258;0.0345428466796875;0.014620351151656028;0.9;0.1;20;100;0.9;{'colsample_bytree': 0.9, 'learning_rate': 0.1, 'max_depth': 20, 'n_estimators': 100, 'subsample': 0.9};0.6772468834615485;0.6770928180753084;0.6873561560463893;0.6854727458745334;0.6681204735903221;0.6790578154096204;0.006881568503038996;96
29.654071712493895;2.8057666583917786;0.05022859573364258;0.0009706154526973422;0.9;0.1;20;200;0.7;{'colsample_bytree': 0.9, 'learning_rate': 0.1, 'max_depth': 20, 'n_estimators': 200, 'subsample': 0.7};0.6700823318911688;0.6752476889276535;0.6819348615820586;0.6796713222543707;0.6655681912489404;0.6745008791808385;0.0060311155610873555;134
33.53568596839905;1.0316776102220835;0.052378082275390626;0.001273484853510011;0.9;0.1;20;200;0.8;{'colsample_bytree': 0.9, 'learning_rate': 0.1, 'max_depth': 20, 'n_estimators': 200, 'subsample': 0.8};0.6735461352382258;0.6750766763998339;0.6858621879658925;0.6806734428906329;0.6669666199968352;0.676425012498284;0.006429254619773476;121
36.66093626022339;3.50267056085518;0.05977787971496582;0.013625889952049238;0.9;0.1;20;200;0.9;{'colsample_bytree': 0.9, 'learning_rate': 0.1, 'max_depth': 20, 'n_estimators': 200, 'subsample': 0.9};0.6763744511577543;0.676321775996571;0.6866777768713601;0.6846512814857939;0.6673466984058042;0.6782743967834566;0.006900993675690875;104
47.001790046691895;2.6851934181360373;0.08836140632629394;0.02050850260928177;0.9;0.1;20;300;0.7;{'colsample_bytree': 0.9, 'learning_rate': 0.1, 'max_depth': 20, 'n_estimators': 300, 'subsample': 0.7};0.6699152544115525;0.6751006042560803;0.6817974705805456;0.6795181478053716;0.6654424193667442;0.6743547792840588;0.006029093190520992;135
47.79650354385376;1.8558458634256236;0.09777770042419434;0.02423513678643624;0.9;0.1;20;300;0.8;{'colsample_bytree': 0.9, 'learning_rate': 0.1, 'max_depth': 20, 'n_estimators': 300, 'subsample': 0.8};0.6734711882101008;0.6750208030767064;0.685802930652448;0.6806077142968174;0.6669018861838782;0.6763609044839901;0.006431276869788862;122
46.37478518486023;0.4545441884910348;0.0893782615661621;0.02334874377173396;0.9;0.1;20;300;0.9;{'colsample_bytree': 0.9, 'learning_rate': 0.1, 'max_depth': 20, 'n_estimators': 300, 'subsample': 0.9};0.6763327594571461;0.676284812540354;0.6866498337543511;0.6846167430684922;0.6673185436323618;0.678240538490541;0.0069011113332334215;105
27.32328505516052;0.5917343182985069;0.035529565811157224;0.0006531863859073624;0.9;0.1;30;100;0.7;{'colsample_bytree': 0.9, 'learning_rate': 0.1, 'max_depth': 30, 'n_estimators': 100, 'subsample': 0.7};0.6733281855439281;0.6755943807109135;0.6838736603319608;0.6801688148169858;0.6656811760621837;0.6757292434931944;0.006209480582569373;127
35.36686215400696;2.409616086815357;0.038277053833007814;0.0011292349877917872;0.9;0.1;30;100;0.8;{'colsample_bytree': 0.9, 'learning_rate': 0.1, 'max_depth': 30, 'n_estimators': 100, 'subsample': 0.8};0.6754454444396856;0.675667109021883;0.6857415992507063;0.6815194355433514;0.6711070567207253;0.6778961289952703;0.005133140190020815;107
37.390203857421874;1.7411447531610795;0.0400996208190918;0.0012442970759754916;0.9;0.1;30;100;0.9;{'colsample_bytree': 0.9, 'learning_rate': 0.1, 'max_depth': 30, 'n_estimators': 100, 'subsample': 0.9};0.6785021365074356;0.6797760027817175;0.6849495628390787;0.6827852717635432;0.6689736678693957;0.6789973283522341;0.005497325331089007;97
55.104786443710324;1.8214799328286932;0.07367539405822754;0.00027722198587305785;0.9;0.1;30;200;0.7;{'colsample_bytree': 0.9, 'learning_rate': 0.1, 'max_depth': 30, 'n_estimators': 200, 'subsample': 0.7};0.6724039425195472;0.6748147701311094;0.683101867132661;0.6793724543696826;0.6648300125855915;0.6749046093477183;0.006243646048950998;130
60.60866589546204;1.769273148328095;0.08904523849487304;0.025166137888340292;0.9;0.1;30;200;0.8;{'colsample_bytree': 0.9, 'learning_rate': 0.1, 'max_depth': 30, 'n_estimators': 200, 'subsample': 0.8};0.6750502592947845;0.6752427470340305;0.6853171047513175;0.6810720988316394;0.670721570449849;0.6774807560723242;0.005116809411221716;110
59.521550226211545;1.2886241777011602;0.07155823707580566;0.0006639239393958268;0.9;0.1;30;200;0.9;{'colsample_bytree': 0.9, 'learning_rate': 0.1, 'max_depth': 30, 'n_estimators': 200, 'subsample': 0.9};0.6782617233288631;0.6795343605484998;0.684726461591681;0.6826015539053292;0.6687212776458134;0.6787690754040373;0.005513250382891777;98
65.07114853858948;2.299695824336689;0.09693293571472168;0.0006622171105149605;0.9;0.1;30;300;0.7;{'colsample_bytree': 0.9, 'learning_rate': 0.1, 'max_depth': 30, 'n_estimators': 300, 'subsample': 0.7};0.6723718208940093;0.6747866109953273;0.6830772102580502;0.6793360084850485;0.6648051818797467;0.6748753665024364;0.006242624518215341;131
64.84172978401185;4.281424025012708;0.09421019554138184;0.010891162488599435;0.9;0.1;30;300;0.8;{'colsample_bytree': 0.9, 'learning_rate': 0.1, 'max_depth': 30, 'n_estimators': 300, 'subsample': 0.8};0.6750437696909779;0.675236540496988;0.6853113120271495;0.6810655139123336;0.6707167465757591;0.6774747765406415;0.005116544677812058;111
60.858904123306274;2.382462005305543;0.08357467651367187;0.019836298586020363;0.9;0.1;30;300;0.9;{'colsample_bytree': 0.9, 'learning_rate': 0.1, 'max_depth': 30, 'n_estimators': 300, 'subsample': 0.9};0.678260727890912;0.6795330913639168;0.6847258908929081;0.6826000876508225;0.6687207717813624;0.6787681139159844;0.005513090680474736;99
0.7657541275024414;0.042896845287215095;0.008403253555297852;0.0002641105159418696;0.9;0.01;10;100;0.7;{'colsample_bytree': 0.9, 'learning_rate': 0.01, 'max_depth': 10, 'n_estimators': 100, 'subsample': 0.7};0.585253767628434;0.5821411663465363;0.5886850829239357;0.5870920335473577;0.5865548000359859;0.58594537009645;0.002197387013821792;140
0.909010934829712;0.21262869646569335;0.008267498016357422;0.00012848346922175613;0.9;0.01;10;100;0.8;{'colsample_bytree': 0.9, 'learning_rate': 0.01, 'max_depth': 10, 'n_estimators': 100, 'subsample': 0.8};0.5852591416483931;0.5833576273099419;0.5892525258320174;0.5875003043681606;0.5865336547167372;0.58638065077505;0.0019960538223874405;139
0.7589932918548584;0.021011585310034976;0.016764736175537108;0.017026623954466837;0.9;0.01;10;100;0.9;{'colsample_bytree': 0.9, 'learning_rate': 0.01, 'max_depth': 10, 'n_estimators': 100, 'subsample': 0.9};0.5860017998315252;0.5836535654758401;0.5902027001397366;0.5874341748023312;0.5871578329630508;0.5868900146424968;0.002126276129517537;136
1.5861758708953857;0.1550527289623707;0.027103137969970704;0.018553735257910698;0.9;0.01;10;200;0.7;{'colsample_bytree': 0.9, 'learning_rate': 0.01, 'max_depth': 10, 'n_estimators': 200, 'subsample': 0.7};0.6777887715535937;0.6768013661729094;0.68379610828491;0.6820588756524246;0.6757425211611164;0.6792375285649909;0.003130160036880872;95
1.619830274581909;0.18199854492937215;0.02400097846984863;0.01758146206514171;0.9;0.01;10;200;0.8;{'colsample_bytree': 0.9, 'learning_rate': 0.01, 'max_depth': 10, 'n_estimators': 200, 'subsample': 0.8};0.6780135247271859;0.6774820643769248;0.6841648620657761;0.6816181813035689;0.67533451005026;0.6793226285047431;0.0031535156992729763;93
1.5123294830322265;0.07833062121525779;0.011334657669067383;0.0001424378919382044;0.9;0.01;10;200;0.9;{'colsample_bytree': 0.9, 'learning_rate': 0.01, 'max_depth': 10, 'n_estimators': 200, 'subsample': 0.9};0.6778367341033757;0.6781208598268507;0.6843067128379003;0.6815297438182555;0.6754186752768477;0.679442545172646;0.0031155588758273373;91
2.933201551437378;0.5409500804768047;0.02381901741027832;0.018879716355545872;0.9;0.01;10;300;0.7;{'colsample_bytree': 0.9, 'learning_rate': 0.01, 'max_depth': 10, 'n_estimators': 300, 'subsample': 0.7};0.6953679702414668;0.6952301853739622;0.7026695788024327;0.6997582453846775;0.6909390396479258;0.6967930038900929;0.004051390126467625;22
2.6766823291778565;0.5917541332297482;0.014629077911376954;0.00023454336804816007;0.9;0.01;10;300;0.8;{'colsample_bytree': 0.9, 'learning_rate': 0.01, 'max_depth': 10, 'n_estimators': 300, 'subsample': 0.8};0.6954501812830489;0.6951814663052709;0.7028413371728162;0.6996194299489056;0.6903459535598997;0.6966876736539882;0.0042539447897914865;23
2.4311941146850584;0.2300952925424309;0.031081581115722658;0.020096784013848793;0.9;0.01;10;300;0.9;{'colsample_bytree': 0.9, 'learning_rate': 0.01, 'max_depth': 10, 'n_estimators': 300, 'subsample': 0.9};0.6949610723150124;0.6958120927466722;0.7025617138755024;0.6992380740976083;0.6902417292318981;0.6965629364533387;0.00415280839197617;24
11.169906663894654;0.5586279724170932;0.025443601608276366;0.00614334558631229;0.9;0.01;20;100;0.7;{'colsample_bytree': 0.9, 'learning_rate': 0.01, 'max_depth': 20, 'n_estimators': 100, 'subsample': 0.7};0.5842118670955814;0.5823459658063691;0.5880391016492263;0.5878495288392638;0.5856110643196508;0.5856115055420184;0.002169087775046025;141
12.093885278701782;0.17237027368375135;0.03695001602172852;0.017026741208264168;0.9;0.01;20;100;0.8;{'colsample_bytree': 0.9, 'learning_rate': 0.01, 'max_depth': 20, 'n_estimators': 100, 'subsample': 0.8};0.5849990921746879;0.5829113567458984;0.5896346581021974;0.588720069888576;0.5871065672672258;0.5866743488357171;0.0024536427083100424;138
14.44780192375183;1.4434313115955673;0.03735818862915039;0.01761621282908022;0.9;0.01;20;100;0.9;{'colsample_bytree': 0.9, 'learning_rate': 0.01, 'max_depth': 20, 'n_estimators': 100, 'subsample': 0.9};0.5848019478543863;0.5832528082818886;0.5906950369568145;0.5886374522787554;0.5862279553741718;0.5867230401492034;0.002661576457442051;137
24.823452377319335;1.23992072411059;0.053557205200195315;0.01193594223238881;0.9;0.01;20;200;0.7;{'colsample_bytree': 0.9, 'learning_rate': 0.01, 'max_depth': 20, 'n_estimators': 200, 'subsample': 0.7};0.6762555181697125;0.6769475779196388;0.6831360466167908;0.6816518385464281;0.6738087789307272;0.6783599520366594;0.003486666471531256;103
28.65137939453125;2.592210507415625;0.0544377326965332;0.008473048678777214;0.9;0.01;20;200;0.8;{'colsample_bytree': 0.9, 'learning_rate': 0.01, 'max_depth': 20, 'n_estimators': 200, 'subsample': 0.8};0.6755570561700686;0.6758218034739515;0.6834739679946111;0.6801734631908272;0.67398811695053;0.6778028815559975;0.003501477108535569;108
29.591266298294066;1.2509026162494217;0.05621538162231445;0.012631121893014971;0.9;0.01;20;200;0.9;{'colsample_bytree': 0.9, 'learning_rate': 0.01, 'max_depth': 20, 'n_estimators': 200, 'subsample': 0.9};0.6739078675899941;0.6749012534345034;0.6823114886671522;0.6789516099075126;0.6710235045728503;0.6762191448344025;0.0039662712141788755;123
39.902906274795534;1.7681965630420862;0.07324461936950684;0.0009876483397519265;0.9;0.01;20;300;0.7;{'colsample_bytree': 0.9, 'learning_rate': 0.01, 'max_depth': 20, 'n_estimators': 300, 'subsample': 0.7};0.6911431699621841;0.6931089702690653;0.6989845582694475;0.6966994134845673;0.686093173499867;0.6932058570970262;0.0044822462382168625;38
42.94185910224915;2.9591771155200903;0.08141698837280273;0.011067074077798252;0.9;0.01;20;300;0.8;{'colsample_bytree': 0.9, 'learning_rate': 0.01, 'max_depth': 20, 'n_estimators': 300, 'subsample': 0.8};0.6899517814945366;0.6908904248553398;0.6988268957046189;0.6949585700680617;0.6858786733262261;0.6921012690897567;0.004431824927983953;43
47.84306583404541;4.927588294927752;0.08799843788146973;0.02114355029856231;0.9;0.01;20;300;0.9;{'colsample_bytree': 0.9, 'learning_rate': 0.01, 'max_depth': 20, 'n_estimators': 300, 'subsample': 0.9};0.6876224935328974;0.6892446846192968;0.6964713946975268;0.6928176215173917;0.6823048276672115;0.6896922044068649;0.004791303899095438;59
21.408699560165406;1.5680222928862722;0.029775619506835938;0.0035996054002899224;0.9;0.01;30;100;0.7;{'colsample_bytree': 0.9, 'learning_rate': 0.01, 'max_depth': 30, 'n_estimators': 100, 'subsample': 0.7};0.5828490963630443;0.5808906826146494;0.5868502142747084;0.5861155796348315;0.5842866297653001;0.5841984405305067;0.0021668915888472125;144
21.761261320114137;2.9513803800342875;0.02877359390258789;0.0017690687706504332;0.9;0.01;30;100;0.8;{'colsample_bytree': 0.9, 'learning_rate': 0.01, 'max_depth': 30, 'n_estimators': 100, 'subsample': 0.8};0.5832888094072846;0.5811210009917875;0.5884597822556585;0.5873297637834485;0.5854574638413406;0.5851313640559039;0.0026644207506985574;142
23.917802858352662;2.2938049563326506;0.040433835983276364;0.01857201395029752;0.9;0.01;30;100;0.9;{'colsample_bytree': 0.9, 'learning_rate': 0.01, 'max_depth': 30, 'n_estimators': 100, 'subsample': 0.9};0.5834009422752445;0.5816171775373542;0.5887533116464021;0.5869829941299112;0.5847394440116915;0.5850987739201207;0.0025313709898679127;143
41.98668074607849;0.792093435321955;0.06139850616455078;0.001188004521132473;0.9;0.01;30;200;0.7;{'colsample_bytree': 0.9, 'learning_rate': 0.01, 'max_depth': 30, 'n_estimators': 200, 'subsample': 0.7};0.6742722518168028;0.675375566894298;0.6819368346416499;0.6792057250848498;0.6723923954259338;0.6766365547727069;0.0034608238972681426;117
46.35317997932434;0.9424448471569021;0.06386127471923828;0.000662070881286046;0.9;0.01;30;200;0.8;{'colsample_bytree': 0.9, 'learning_rate': 0.01, 'max_depth': 30, 'n_estimators': 200, 'subsample': 0.8};0.6735882983252579;0.6740845970701763;0.6815142613158183;0.6785575488499118;0.672027828864431;0.675954506885119;0.0035270668477670104;125
50.68862328529358;1.9290191646656678;0.07440185546875;0.010689068424907265;0.9;0.01;30;200;0.9;{'colsample_bytree': 0.9, 'learning_rate': 0.01, 'max_depth': 30, 'n_estimators': 200, 'subsample': 0.9};0.6722963466246787;0.673556469978855;0.680336868461058;0.6772794825724964;0.6698885320588617;0.67467153993919;0.003705655157197752;133
69.89314155578613;3.652794751614869;0.09690957069396973;0.0011930036060607797;0.9;0.01;30;300;0.7;{'colsample_bytree': 0.9, 'learning_rate': 0.01, 'max_depth': 30, 'n_estimators': 300, 'subsample': 0.7};0.6892256180467206;0.6915989970606515;0.6976501213312056;0.6944464099805896;0.684957754879039;0.6915757802596413;0.004346497344613732;45
74.30335636138916;2.7222560594438674;0.10547833442687989;0.01129879654099004;0.9;0.01;30;300;0.8;{'colsample_bytree': 0.9, 'learning_rate': 0.01, 'max_depth': 30, 'n_estimators': 300, 'subsample': 0.8};0.6880947302824364;0.6893285611539127;0.6966100539611964;0.6932817898066792;0.6837863557415038;0.6902202981891457;0.004402511988315063;54
81.91339645385742;1.1006248007599715;0.11664085388183594;0.027318242268669475;0.9;0.01;30;300;0.9;{'colsample_bytree': 0.9, 'learning_rate': 0.01, 'max_depth': 30, 'n_estimators': 300, 'subsample': 0.9};0.68619867870588;0.6878384303697764;0.6946980673246769;0.6907372977110627;0.6811925280071931;0.6881330004237178;0.00451400038024497;64
0.9398774623870849;0.45818662872396954;0.008632135391235352;0.0004739321049247085;0.9;0.001;10;100;0.7;{'colsample_bytree': 0.9, 'learning_rate': 0.001, 'max_depth': 10, 'n_estimators': 100, 'subsample': 0.7};0.11815273591304287;0.11692283115956448;0.11835938040346183;0.11832321445026173;0.11898427723234717;0.11814848783173562;0.0006746556624586957;225
1.173680019378662;0.5148683088755222;0.01857142448425293;0.019762199563847532;0.9;0.001;10;100;0.8;{'colsample_bytree': 0.9, 'learning_rate': 0.001, 'max_depth': 10, 'n_estimators': 100, 'subsample': 0.8};0.1183589042135923;0.11724195235301427;0.11855856507610507;0.11850571238409136;0.11934395017532706;0.11840181684042601;0.0006738110472253285;223
0.750926160812378;0.02762078233339195;0.008652544021606446;0.0006398900001393263;0.9;0.001;10;100;0.9;{'colsample_bytree': 0.9, 'learning_rate': 0.001, 'max_depth': 10, 'n_estimators': 100, 'subsample': 0.9};0.11860589798138288;0.11750576014285574;0.11884181187873977;0.11888737970168006;0.1195303696727934;0.11867424387549037;0.0006597700647345877;221
1.9764684200286866;0.7394410066489897;0.01151590347290039;0.00023039769828257252;0.9;0.001;10;200;0.7;{'colsample_bytree': 0.9, 'learning_rate': 0.001, 'max_depth': 10, 'n_estimators': 200, 'subsample': 0.7};0.21524793485719407;0.21330143117258749;0.21584358539230242;0.21557469699373977;0.21689637934421224;0.21537280555200722;0.0011738701310372301;198
1.628523874282837;0.2678569649067351;0.03476591110229492;0.019561632418430588;0.9;0.001;10;200;0.8;{'colsample_bytree': 0.9, 'learning_rate': 0.001, 'max_depth': 10, 'n_estimators': 200, 'subsample': 0.8};0.2157063030329357;0.21382867091665814;0.216282989371974;0.2160945669873261;0.21744862423564415;0.21587223090890761;0.0011753162356807532;196
2.2205817222595217;1.5345513922432763;0.01905536651611328;0.01532234892120216;0.9;0.001;10;200;0.9;{'colsample_bytree': 0.9, 'learning_rate': 0.001, 'max_depth': 10, 'n_estimators': 200, 'subsample': 0.9};0.21612579740530136;0.21415031122831896;0.2166015257801165;0.21650292812786265;0.21796120527304164;0.21626835356292823;0.0012278600453250875;194
2.936333179473877;0.5943141651188418;0.031126642227172853;0.020143131990543663;0.9;0.001;10;300;0.7;{'colsample_bytree': 0.9, 'learning_rate': 0.001, 'max_depth': 10, 'n_estimators': 300, 'subsample': 0.7};0.29618318176760083;0.29364940066323;0.29726023340462215;0.29681538625651815;0.29841098469885863;0.29646383735816595;0.0015842371998806158;171
2.3755011558532715;0.23907692052682236;0.027144241333007812;0.014856875299938234;0.9;0.001;10;300;0.8;{'colsample_bytree': 0.9, 'learning_rate': 0.001, 'max_depth': 10, 'n_estimators': 300, 'subsample': 0.8};0.29670563175966447;0.2943146369250407;0.2977728841200432;0.29746216360733957;0.29906006599277946;0.29706307648097346;0.0015705254694263165;169
2.5233148097991944;0.4223600411242529;0.030050039291381836;0.018314754062969753;0.9;0.001;10;300;0.9;{'colsample_bytree': 0.9, 'learning_rate': 0.001, 'max_depth': 10, 'n_estimators': 300, 'subsample': 0.9};0.2972274844826621;0.2946529302209381;0.2981570704307501;0.297903733602365;0.299670920068683;0.2975224277610796;0.0016422662591040352;167
10.094377803802491;0.2348265168716206;0.021902751922607423;0.003081196396055252;0.9;0.001;20;100;0.7;{'colsample_bytree': 0.9, 'learning_rate': 0.001, 'max_depth': 20, 'n_estimators': 100, 'subsample': 0.7};0.11845830287879777;0.11697266395831996;0.11856382045172242;0.11877243734618981;0.11936116334645197;0.11842567759629638;0.0007907935764280538;222
11.818576097488403;1.9674353511930727;0.0286531925201416;0.015575868181177538;0.9;0.001;20;100;0.8;{'colsample_bytree': 0.9, 'learning_rate': 0.001, 'max_depth': 20, 'n_estimators': 100, 'subsample': 0.8};0.11883329073251792;0.117645635875115;0.11904367575781594;0.1193776870964367;0.11995315317301292;0.1189706885269797;0.000763001236728615;219
12.553615236282349;1.0807023812596275;0.022413110733032225;0.0016114656740623219;0.9;0.001;20;100;0.9;{'colsample_bytree': 0.9, 'learning_rate': 0.001, 'max_depth': 20, 'n_estimators': 100, 'subsample': 0.9};0.11922524540831503;0.11821036039050281;0.11951891043276375;0.1199955753610974;0.12029616236602503;0.1194492507917408;0.0007218878103154335;217
21.31946744918823;1.345574198439112;0.042684412002563475;0.0008259403299534577;0.9;0.001;20;200;0.7;{'colsample_bytree': 0.9, 'learning_rate': 0.001, 'max_depth': 20, 'n_estimators': 200, 'subsample': 0.7};0.21583039117319835;0.2135730193368175;0.21640037967279613;0.21655678038565684;0.21764781745217054;0.2160016776041279;0.0013494146032803354;195
24.304583263397216;2.1736229923738852;0.051524782180786134;0.010502842953369246;0.9;0.001;20;200;0.8;{'colsample_bytree': 0.9, 'learning_rate': 0.001, 'max_depth': 20, 'n_estimators': 200, 'subsample': 0.8};0.21676024612582745;0.21464346068642481;0.21725233554729861;0.21775743791405233;0.21868702105447502;0.21702010026561566;0.0013484928485930873;192
24.775884771347044;1.3932074507046974;0.04562435150146484;0.0012576245859415665;0.9;0.001;20;200;0.9;{'colsample_bytree': 0.9, 'learning_rate': 0.001, 'max_depth': 20, 'n_estimators': 200, 'subsample': 0.9};0.21731993124003923;0.215504936715898;0.21801060485363732;0.2187032840042603;0.219233148823488;0.21775438112746456;0.0012962691103053803;190
31.691930866241456;1.8664247664802254;0.0662750244140625;0.0008762305904733634;0.9;0.001;20;300;0.7;{'colsample_bytree': 0.9, 'learning_rate': 0.001, 'max_depth': 20, 'n_estimators': 300, 'subsample': 0.7};0.29689753507443895;0.29402793582440045;0.29792479537685235;0.2980395373143463;0.2992723029912179;0.29723242131625116;0.0017704695074740066;168
36.01735782623291;2.533878853348103;0.06779036521911622;0.0011060692109099493;0.9;0.001;20;300;0.8;{'colsample_bytree': 0.9, 'learning_rate': 0.001, 'max_depth': 20, 'n_estimators': 300, 'subsample': 0.8};0.2980531432162128;0.2952593042973305;0.29907200523904054;0.29959304772801376;0.30055475995738623;0.29850645208759674;0.0018135910943224884;165
37.11315565109253;1.7822432415179161;0.07672114372253418;0.012242733581378845;0.9;0.001;20;300;0.9;{'colsample_bytree': 0.9, 'learning_rate': 0.001, 'max_depth': 20, 'n_estimators': 300, 'subsample': 0.9};0.2987532997382275;0.2963849785976226;0.29987627639692616;0.30073531340019766;0.3011991867603009;0.2993898109786549;0.0017178492533426227;163
16.92031559944153;2.0332805648410512;0.025484132766723632;0.001359479709052345;0.9;0.001;30;100;0.7;{'colsample_bytree': 0.9, 'learning_rate': 0.001, 'max_depth': 30, 'n_estimators': 100, 'subsample': 0.7};0.11819008560111532;0.11676888970606814;0.11832137742294713;0.11850600688949808;0.11907160097089353;0.11817159211810443;0.0007631776827997734;224
19.875876903533936;1.946705297072263;0.04844608306884766;0.01861290729192356;0.9;0.001;30;100;0.8;{'colsample_bytree': 0.9, 'learning_rate': 0.001, 'max_depth': 30, 'n_estimators': 100, 'subsample': 0.8};0.11855822143165073;0.1173857431003823;0.1187766511394468;0.11910401303187457;0.11964359423642512;0.11869364458795591;0.0007492185815157449;220
21.40989956855774;1.6058913824962102;0.04123992919921875;0.018436921881588766;0.9;0.001;30;100;0.9;{'colsample_bytree': 0.9, 'learning_rate': 0.001, 'max_depth': 30, 'n_estimators': 100, 'subsample': 0.9};0.11890900750963895;0.11795593668122784;0.11921884453171239;0.1196860492459908;0.11996946802355846;0.11914786119842569;0.0006996367518356294;218
33.93178000450134;1.925112283510763;0.06681861877441406;0.02695605394913957;0.9;0.001;30;200;0.7;{'colsample_bytree': 0.9, 'learning_rate': 0.001, 'max_depth': 30, 'n_estimators': 200, 'subsample': 0.7};0.21530699764641625;0.21315807937349995;0.21593325793293172;0.2160847036049568;0.21716003259864047;0.21552861423128905;0.0013268795897744985;197
46.57471823692322;14.375233253343549;0.08409409523010254;0.025010648940414396;0.9;0.001;30;200;0.8;{'colsample_bytree': 0.9, 'learning_rate': 0.001, 'max_depth': 30, 'n_estimators': 200, 'subsample': 0.8};0.2162270678971252;0.21415334227982874;0.21674888807161474;0.21727626359728225;0.21815821965698634;0.21651275630056746;0.0013412459616246215;193
63.0013925075531;20.505788037004223;0.07763161659240722;0.02484688722232402;0.9;0.001;30;200;0.9;{'colsample_bytree': 0.9, 'learning_rate': 0.001, 'max_depth': 30, 'n_estimators': 200, 'subsample': 0.9};0.21674374822318898;0.21505259973514435;0.21745997764909275;0.21811369971672223;0.2186633077817547;0.21720666662118057;0.001254031624534679;191
50.844620323181154;2.8420184356292664;0.09120697975158691;0.02095279615362685;0.9;0.001;30;300;0.7;{'colsample_bytree': 0.9, 'learning_rate': 0.001, 'max_depth': 30, 'n_estimators': 300, 'subsample': 0.7};0.29622635483623994;0.2934704614732436;0.2972977033168789;0.2973926885565018;0.2986219336928724;0.29660182837514737;0.0017399405914249242;170
59.510112571716306;5.692007933890855;0.08910150527954101;0.007702122888733294;0.9;0.001;30;300;0.8;{'colsample_bytree': 0.9, 'learning_rate': 0.001, 'max_depth': 30, 'n_estimators': 300, 'subsample': 0.8};0.2973037409974837;0.2946094996951686;0.29838091194052907;0.29888895616983535;0.2997953184070097;0.2977956854420053;0.0017849398804148982;166
61.380145406723024;2.6989407082948578;0.08807573318481446;0.0016647316003245273;0.9;0.001;30;300;0.9;{'colsample_bytree': 0.9, 'learning_rate': 0.001, 'max_depth': 30, 'n_estimators': 300, 'subsample': 0.9};0.2979307928555014;0.29580004190825004;0.29910363278514307;0.29986576353306726;0.3003997381549577;0.2986199938473839;0.001635876858352264;164
