mean_fit_time;std_fit_time;mean_score_time;std_score_time;param_criterion;param_max_depth;param_min_samples_leaf;param_min_samples_split;param_splitter;params;split0_test_score;split1_test_score;split2_test_score;split3_test_score;split4_test_score;mean_test_score;std_test_score;rank_test_score
0.23158321380615235;0.0018535049435373836;0.003354787826538086;9.044722331912457e-05;poisson;10;1;2;best;{'criterion': 'poisson', 'max_depth': 10, 'min_samples_leaf': 1, 'min_samples_split': 2, 'splitter': 'best'};0.6530231868947785;0.6454202294527307;0.6451519535766403;0.6556966121846638;0.646418894040238;0.6491421752298103;0.004363803501194649;15
0.091668701171875;0.0015296524044087184;0.0035641670227050783;0.0005804335911763622;poisson;10;1;2;random;{'criterion': 'poisson', 'max_depth': 10, 'min_samples_leaf': 1, 'min_samples_split': 2, 'splitter': 'random'};0.6451141721074638;0.6367970784642367;0.6525498044190079;0.6435205080697888;0.6354686652819506;0.6426900456684896;0.006175051361211793;45
0.23284387588500977;0.0018204482730002555;0.0034671306610107424;9.877292416832959e-05;poisson;10;1;5;best;{'criterion': 'poisson', 'max_depth': 10, 'min_samples_leaf': 1, 'min_samples_split': 5, 'splitter': 'best'};0.6533960481428267;0.6460331152059889;0.6464336723988979;0.6573959880458725;0.647488836531399;0.650149532064997;0.004491832420385902;14
0.09110507965087891;0.0006787500603627609;0.0033254623413085938;7.47549279016011e-05;poisson;10;1;5;random;{'criterion': 'poisson', 'max_depth': 10, 'min_samples_leaf': 1, 'min_samples_split': 5, 'splitter': 'random'};0.6488094184767621;0.6437809770980395;0.65226634511099;0.651664552124395;0.6393512153287324;0.6471745016277838;0.004929101213681108;25
0.23458423614501953;0.0030720962250068845;0.0035800933837890625;0.0002968744261699428;poisson;10;1;10;best;{'criterion': 'poisson', 'max_depth': 10, 'min_samples_leaf': 1, 'min_samples_split': 10, 'splitter': 'best'};0.6532306973733193;0.64549503499875;0.6464968198416028;0.6582362705680576;0.6485788082735827;0.6504075262110625;0.004733496321591904;9
0.09385671615600585;0.0036058519719427305;0.0038799762725830076;0.0012549073018411196;poisson;10;1;10;random;{'criterion': 'poisson', 'max_depth': 10, 'min_samples_leaf': 1, 'min_samples_split': 10, 'splitter': 'random'};0.6549173507490812;0.6356366173282659;0.6509669619041699;0.6546915471140191;0.6461636721310483;0.6484752298453169;0.007162758144826204;19
0.23205466270446778;0.0010993946951180064;0.0034009456634521485;9.206225254705198e-05;poisson;10;2;2;best;{'criterion': 'poisson', 'max_depth': 10, 'min_samples_leaf': 2, 'min_samples_split': 2, 'splitter': 'best'};0.6529033801242006;0.6466617808234987;0.6483245544326465;0.6570379955541024;0.648871065265101;0.6507597552399098;0.0037497246884938837;7
0.09235448837280273;0.0010900287425904204;0.003378486633300781;0.00013113521219628607;poisson;10;2;2;random;{'criterion': 'poisson', 'max_depth': 10, 'min_samples_leaf': 2, 'min_samples_split': 2, 'splitter': 'random'};0.6494109971141111;0.649967082879048;0.6295971064741719;0.6448837167493843;0.637200632062304;0.6422119070558038;0.007789149986109888;48
0.23190927505493164;0.0011794438765293865;0.0034847259521484375;0.00013441446601807593;poisson;10;2;5;best;{'criterion': 'poisson', 'max_depth': 10, 'min_samples_leaf': 2, 'min_samples_split': 5, 'splitter': 'best'};0.65256187157604;0.6465214452528927;0.6485357154918974;0.6578515752956089;0.6483033867841238;0.6507547988801126;0.004061644556118115;8
0.09314689636230469;0.001640421582824896;0.0036718368530273436;0.0005688654187324043;poisson;10;2;5;random;{'criterion': 'poisson', 'max_depth': 10, 'min_samples_leaf': 2, 'min_samples_split': 5, 'splitter': 'random'};0.6388420043698031;0.6425493078984179;0.6504034990149441;0.6492442760006214;0.6345274207338674;0.6431133016035308;0.006050045365473999;42
0.22946486473083497;0.0013718279986198372;0.0033342838287353516;7.602121362385149e-05;poisson;10;2;10;best;{'criterion': 'poisson', 'max_depth': 10, 'min_samples_leaf': 2, 'min_samples_split': 10, 'splitter': 'best'};0.6522034640855987;0.6477315910910542;0.6506764779214456;0.6596772665983681;0.6496246402297232;0.651982687985238;0.004113239134110983;1
0.09165849685668945;0.0007779263303013568;0.003361415863037109;0.0001387749660165195;poisson;10;2;10;random;{'criterion': 'poisson', 'max_depth': 10, 'min_samples_leaf': 2, 'min_samples_split': 10, 'splitter': 'random'};0.6545073243537525;0.6477088292716853;0.6385569623756909;0.6515203818647565;0.6407884319303452;0.6466163859592461;0.006106207884443472;29
0.22822246551513672;0.0010144226643175323;0.0033931732177734375;7.362881454627903e-05;poisson;10;4;2;best;{'criterion': 'poisson', 'max_depth': 10, 'min_samples_leaf': 4, 'min_samples_split': 2, 'splitter': 'best'};0.6526072323264489;0.645582284980419;0.6498773424970762;0.6603476872527351;0.6463436472435957;0.6509516388600549;0.005333748693389712;4
0.08955039978027343;0.0020618141996611127;0.003201580047607422;8.89076403900942e-05;poisson;10;4;2;random;{'criterion': 'poisson', 'max_depth': 10, 'min_samples_leaf': 4, 'min_samples_split': 2, 'splitter': 'random'};0.6437310405550871;0.6453054830120155;0.6453915228408044;0.6351893515040274;0.6402978341276918;0.6419830464079253;0.00386538512950262;49
0.22897744178771973;0.0017053157161947493;0.003362751007080078;9.452057585260899e-05;poisson;10;4;5;best;{'criterion': 'poisson', 'max_depth': 10, 'min_samples_leaf': 4, 'min_samples_split': 5, 'splitter': 'best'};0.6522395821026805;0.6455318006086914;0.6499491529728483;0.6604198795926353;0.6462441831483748;0.650876919685046;0.005363174983033265;5
0.09041061401367187;0.0011711188034242486;0.0032806873321533205;0.00012583346828952426;poisson;10;4;5;random;{'criterion': 'poisson', 'max_depth': 10, 'min_samples_leaf': 4, 'min_samples_split': 5, 'splitter': 'random'};0.6467069543933351;0.6430868460715802;0.646828006244523;0.6556442022874183;0.6483246315892518;0.6481181281172216;0.004138938531736336;20
0.23097577095031738;0.003297936995098539;0.003442716598510742;0.00011624536888887708;poisson;10;4;10;best;{'criterion': 'poisson', 'max_depth': 10, 'min_samples_leaf': 4, 'min_samples_split': 10, 'splitter': 'best'};0.6531443701580515;0.6457129946154351;0.6497212941049906;0.6606159187649969;0.6463547861111151;0.6511098727509178;0.005443700648247113;2
0.09206204414367676;0.0027771181268716545;0.0034664630889892577;0.0004677330563944371;poisson;10;4;10;random;{'criterion': 'poisson', 'max_depth': 10, 'min_samples_leaf': 4, 'min_samples_split': 10, 'splitter': 'random'};0.6477815546829061;0.6406409713031818;0.6342370846286451;0.6374263530686289;0.645528352924787;0.6411228633216298;0.005001137179982333;51
0.45464239120483396;0.001793724509365305;0.005808544158935547;0.00030634593885097;poisson;20;1;2;best;{'criterion': 'poisson', 'max_depth': 20, 'min_samples_leaf': 1, 'min_samples_split': 2, 'splitter': 'best'};0.45989493202181775;0.46694829391065373;0.46352746239840437;0.46626470837475864;0.44642964925933315;0.4606130091929935;0.0075133868183801;150
0.18792390823364258;0.0034177842832816834;0.005676698684692383;0.00013998751693919016;poisson;20;1;2;random;{'criterion': 'poisson', 'max_depth': 20, 'min_samples_leaf': 1, 'min_samples_split': 2, 'splitter': 'random'};0.498578472062841;0.5128319124378791;0.49840784969220653;0.50443880313289;0.48595244639849533;0.5000418967448623;0.008789102569041696;135
0.4333356380462646;0.0015906444648436427;0.0054875373840332035;0.00012808991066432055;poisson;20;1;5;best;{'criterion': 'poisson', 'max_depth': 20, 'min_samples_leaf': 1, 'min_samples_split': 5, 'splitter': 'best'};0.4941943058180277;0.49773784841404256;0.49686106665506014;0.4906320088583205;0.48540578529805;0.4929662030087002;0.004517857401457447;138
0.17234864234924316;0.0013143770977439109;0.005438852310180664;5.452302944439594e-05;poisson;20;1;5;random;{'criterion': 'poisson', 'max_depth': 20, 'min_samples_leaf': 1, 'min_samples_split': 5, 'splitter': 'random'};0.5528123581950883;0.5588667195929163;0.5601937086828529;0.5389252158791269;0.5244258175703724;0.5470447639840714;0.013590160575845774;112
0.41063723564147947;0.002005549093714085;0.005814933776855468;0.0011544632106912241;poisson;20;1;10;best;{'criterion': 'poisson', 'max_depth': 20, 'min_samples_leaf': 1, 'min_samples_split': 10, 'splitter': 'best'};0.5409418675676292;0.5394446527302528;0.541009332353902;0.5342733461917926;0.5369098457520658;0.5385158089191285;0.002590126568258407;116
0.1627324104309082;0.005305244249140911;0.0052430152893066405;6.795680690535622e-05;poisson;20;1;10;random;{'criterion': 'poisson', 'max_depth': 20, 'min_samples_leaf': 1, 'min_samples_split': 10, 'splitter': 'random'};0.584743873768601;0.6049691327008505;0.5927877034375872;0.5984414759704934;0.5882348917926932;0.5938354155340451;0.007215194372738073;77
0.43140177726745604;0.004377128690784289;0.005585145950317383;0.00015336304706095686;poisson;20;2;2;best;{'criterion': 'poisson', 'max_depth': 20, 'min_samples_leaf': 2, 'min_samples_split': 2, 'splitter': 'best'};0.5093382357330748;0.5135677716882016;0.5039656871892073;0.492333436055127;0.49467931791163855;0.5027768897154499;0.008191996438227529;134
0.17358818054199218;0.0026059161454082477;0.00560150146484375;0.0001415301846475519;poisson;20;2;2;random;{'criterion': 'poisson', 'max_depth': 20, 'min_samples_leaf': 2, 'min_samples_split': 2, 'splitter': 'random'};0.5576485634857375;0.5693361901943653;0.5805829515852028;0.568343050815298;0.5471450723001049;0.5646111656761418;0.011356874707390321;91
0.42709665298461913;0.002898707511377744;0.005456972122192383;8.15723864555777e-05;poisson;20;2;5;best;{'criterion': 'poisson', 'max_depth': 20, 'min_samples_leaf': 2, 'min_samples_split': 5, 'splitter': 'best'};0.5167902584135562;0.5227306351266396;0.5096224228922086;0.5038827515832698;0.5019144057162984;0.5109880947463945;0.00782604819172721;128
0.16894946098327637;0.0008354308479114071;0.00552983283996582;0.0001271941467251023;poisson;20;2;5;random;{'criterion': 'poisson', 'max_depth': 20, 'min_samples_leaf': 2, 'min_samples_split': 5, 'splitter': 'random'};0.5726618778652186;0.5513409206039049;0.5738371613652014;0.5832257302186468;0.5568490284794633;0.5675829437064871;0.011735653634476897;89
0.4086453914642334;0.0029760652784065777;0.005226325988769531;0.00013558597748211494;poisson;20;2;10;best;{'criterion': 'poisson', 'max_depth': 20, 'min_samples_leaf': 2, 'min_samples_split': 10, 'splitter': 'best'};0.5545355100509344;0.5610198066297332;0.554159865879545;0.5454995447031228;0.5477336386190866;0.5525896731764843;0.005498543983596247;105
0.1578885555267334;0.0026570046427118596;0.005088138580322266;0.00020053405821803235;poisson;20;2;10;random;{'criterion': 'poisson', 'max_depth': 20, 'min_samples_leaf': 2, 'min_samples_split': 10, 'splitter': 'random'};0.6045998331278937;0.6035577644119361;0.6056186211028625;0.6231423483145737;0.5851784832188036;0.6044194100352139;0.012024764242382718;74
0.40773911476135255;0.00378924417262785;0.006207180023193359;0.0011128197066206135;poisson;20;4;2;best;{'criterion': 'poisson', 'max_depth': 20, 'min_samples_leaf': 4, 'min_samples_split': 2, 'splitter': 'best'};0.5644171769614088;0.5618965998200722;0.5701504464679545;0.5617747754507543;0.5544620398775981;0.5625402077155576;0.005053625643272983;94
0.15849614143371582;0.0009129500745214915;0.005146169662475586;0.00013184022289393094;poisson;20;4;2;random;{'criterion': 'poisson', 'max_depth': 20, 'min_samples_leaf': 4, 'min_samples_split': 2, 'splitter': 'random'};0.6140090452772506;0.6299196190254817;0.6129483308559596;0.6246623738242773;0.6034989692854001;0.6170076676536739;0.009308790445432395;61
0.4035035610198975;0.0009919895157830387;0.005255460739135742;4.646263686154954e-05;poisson;20;4;5;best;{'criterion': 'poisson', 'max_depth': 20, 'min_samples_leaf': 4, 'min_samples_split': 5, 'splitter': 'best'};0.5643959465945951;0.561287262499451;0.5707498831498135;0.562248922845394;0.5543740832374278;0.5626112196653363;0.0052755593375565495;93
0.15765666961669922;0.0017254166136247443;0.005166864395141602;0.00010804793309675326;poisson;20;4;5;random;{'criterion': 'poisson', 'max_depth': 20, 'min_samples_leaf': 4, 'min_samples_split': 5, 'splitter': 'random'};0.616088024872114;0.6268060493928163;0.6203129029863473;0.6290826627396338;0.6031805520663983;0.6190940384114619;0.009197918517263084;59
0.3985311031341553;0.0015292909635119022;0.005098724365234375;7.325134493284251e-05;poisson;20;4;10;best;{'criterion': 'poisson', 'max_depth': 20, 'min_samples_leaf': 4, 'min_samples_split': 10, 'splitter': 'best'};0.5766098655474922;0.5694722196834386;0.5775225289884781;0.5720602265455805;0.5639610097679337;0.5719251701065847;0.004954590876079235;85
0.15636296272277833;0.001735676300360091;0.005053663253784179;0.00010646809561193593;poisson;20;4;10;random;{'criterion': 'poisson', 'max_depth': 20, 'min_samples_leaf': 4, 'min_samples_split': 10, 'splitter': 'random'};0.6172381986440153;0.614365604859934;0.6309026527829047;0.6206509778099865;0.6194724175210398;0.6205259703235761;0.005613567217085501;57
0.5602595329284668;0.0025742054334490167;0.007642936706542969;0.0006366421527499311;poisson;30;1;2;best;{'criterion': 'poisson', 'max_depth': 30, 'min_samples_leaf': 1, 'min_samples_split': 2, 'splitter': 'best'};0.4060684683888094;0.42038780120316976;0.4136533123778764;0.4101041801049842;0.39461476723979894;0.40896570586292774;0.0085799471414064;158
0.2450662612915039;0.0019409428448608646;0.007353591918945313;0.00012974207200235012;poisson;30;1;2;random;{'criterion': 'poisson', 'max_depth': 30, 'min_samples_leaf': 1, 'min_samples_split': 2, 'splitter': 'random'};0.39258379093708184;0.43311526144073964;0.4501737460039341;0.4262383521515277;0.4141900576451554;0.4232602416356877;0.019254298948900978;157
0.5079111099243164;0.0059717462783985785;0.0064605712890625;6.763638845228342e-05;poisson;30;1;5;best;{'criterion': 'poisson', 'max_depth': 30, 'min_samples_leaf': 1, 'min_samples_split': 5, 'splitter': 'best'};0.4534999741425584;0.4610654688223734;0.4586260634395015;0.44797359722891683;0.44112859763082113;0.4524587402528343;0.007234424092514746;152
0.2039370059967041;0.006358481505703275;0.006240987777709961;7.211200003659184e-05;poisson;30;1;5;random;{'criterion': 'poisson', 'max_depth': 30, 'min_samples_leaf': 1, 'min_samples_split': 5, 'splitter': 'random'};0.4999823049641041;0.5001558552380322;0.5261532824370467;0.500456028840824;0.49156114499161097;0.5036617232943236;0.011733711560599828;133
0.4650562286376953;0.003542963230191582;0.00590825080871582;0.00020647825310186999;poisson;30;1;10;best;{'criterion': 'poisson', 'max_depth': 30, 'min_samples_leaf': 1, 'min_samples_split': 10, 'splitter': 'best'};0.5164004566197555;0.5188193013004764;0.5178388773484971;0.5096125206453267;0.5183329510688663;0.5162008213965844;0.0033920849712075697;126
0.17632627487182617;0.0037024533002765255;0.005808830261230469;0.00013317652934046313;poisson;30;1;10;random;{'criterion': 'poisson', 'max_depth': 30, 'min_samples_leaf': 1, 'min_samples_split': 10, 'splitter': 'random'};0.5668999155830587;0.5802273568230016;0.5852012702760996;0.5816214363324925;0.5545041254056235;0.5736908208840552;0.011422408562716688;82
0.49740753173828123;0.006993837166061912;0.0065402030944824215;0.0002257598404460352;poisson;30;2;2;best;{'criterion': 'poisson', 'max_depth': 30, 'min_samples_leaf': 2, 'min_samples_split': 2, 'splitter': 'best'};0.4757306915306555;0.4822416188914018;0.47413803322725157;0.4637630786535484;0.45979005528797345;0.47113269551816617;0.008204249395426556;148
0.19911465644836426;0.0027306338457818075;0.0062273979187011715;0.00016727476054725085;poisson;30;2;2;random;{'criterion': 'poisson', 'max_depth': 30, 'min_samples_leaf': 2, 'min_samples_split': 2, 'splitter': 'random'};0.5264510675577283;0.5490273848578759;0.5292391090849742;0.5277927900908235;0.5285662899361736;0.5322153283055151;0.008456998919454894;124
0.48567757606506345;0.004050531864010178;0.006435871124267578;0.0002414967667848376;poisson;30;2;5;best;{'criterion': 'poisson', 'max_depth': 30, 'min_samples_leaf': 2, 'min_samples_split': 5, 'splitter': 'best'};0.48648323024725904;0.49429820169382355;0.4829778149201178;0.4750477925859251;0.46875503414012043;0.4815124147174492;0.008886786279514098;143
0.19226398468017578;0.002895438727235205;0.006070280075073242;5.557446558839882e-05;poisson;30;2;5;random;{'criterion': 'poisson', 'max_depth': 30, 'min_samples_leaf': 2, 'min_samples_split': 5, 'splitter': 'random'};0.5366538039868716;0.54910154298662;0.5573094647008574;0.541925385086934;0.5403419563790103;0.5450664306280586;0.0073366630845265925;113
0.45151386260986326;0.00389592756506849;0.005800199508666992;0.00026960304612355543;poisson;30;2;10;best;{'criterion': 'poisson', 'max_depth': 30, 'min_samples_leaf': 2, 'min_samples_split': 10, 'splitter': 'best'};0.5359300523234887;0.5437285026448839;0.5360706791006158;0.5297563174184962;0.5300613002710344;0.5351093703517037;0.005099514920891215;118
0.1724992275238037;0.004952324212414769;0.005823278427124023;0.00025329070093096326;poisson;30;2;10;random;{'criterion': 'poisson', 'max_depth': 30, 'min_samples_leaf': 2, 'min_samples_split': 10, 'splitter': 'random'};0.5959728551191181;0.5999034338510734;0.6026771746501016;0.609882364137609;0.5955673447698546;0.6008006345055513;0.00524402441451442;76
0.4413331985473633;0.005889492457933098;0.00583353042602539;0.00020539716171464586;poisson;30;4;2;best;{'criterion': 'poisson', 'max_depth': 30, 'min_samples_leaf': 4, 'min_samples_split': 2, 'splitter': 'best'};0.5514836628149941;0.5468749936297277;0.5531201190249486;0.5474452437609005;0.5394821950121959;0.5476812428485534;0.004732227603538432;107
0.17081294059753419;0.0031486370999650433;0.005559587478637695;9.090579960414906e-05;poisson;30;4;2;random;{'criterion': 'poisson', 'max_depth': 30, 'min_samples_leaf': 4, 'min_samples_split': 2, 'splitter': 'random'};0.6036468996514919;0.6092794218034757;0.6271860127118288;0.6058410224035191;0.5970502429463396;0.6086007199033311;0.010113787899287296;70
0.4390538692474365;0.004061047315224585;0.005835247039794922;7.483964894521344e-05;poisson;30;4;5;best;{'criterion': 'poisson', 'max_depth': 30, 'min_samples_leaf': 4, 'min_samples_split': 5, 'splitter': 'best'};0.5517776137129677;0.5470072713627818;0.5541339861674106;0.5478033173842284;0.5396903584083965;0.5480825094071571;0.0049383489191114445;106
0.17180190086364747;0.003925202712948085;0.005582094192504883;8.594730190743202e-05;poisson;30;4;5;random;{'criterion': 'poisson', 'max_depth': 30, 'min_samples_leaf': 4, 'min_samples_split': 5, 'splitter': 'random'};0.6126848107545121;0.6069460738730645;0.6112452453647133;0.6127591360474343;0.5962514369277627;0.6079773405934974;0.006233223443783039;71
0.4301795482635498;0.0036946651477911705;0.005528831481933593;0.00010978326184762793;poisson;30;4;10;best;{'criterion': 'poisson', 'max_depth': 30, 'min_samples_leaf': 4, 'min_samples_split': 10, 'splitter': 'best'};0.5651064355925959;0.5567265388996105;0.562223218668179;0.5593702587679015;0.5504822170409482;0.5587817337938471;0.005005953196213126;100
0.1639418125152588;0.0034397808664723933;0.005536079406738281;0.00018108703320074925;poisson;30;4;10;random;{'criterion': 'poisson', 'max_depth': 30, 'min_samples_leaf': 4, 'min_samples_split': 10, 'splitter': 'random'};0.6240182673637689;0.6113914102365365;0.614765748418832;0.6165085004284749;0.6001668159981495;0.6133701484891525;0.007790029288354101;67
0.21826353073120117;0.001221396861909721;0.0034379959106445312;0.00012177043081070672;friedman_mse;10;1;2;best;{'criterion': 'friedman_mse', 'max_depth': 10, 'min_samples_leaf': 1, 'min_samples_split': 2, 'splitter': 'best'};0.6469810130386482;0.6455615836408001;0.6376931350806916;0.650111432565077;0.6321392698231999;0.6424972868296833;0.006600565449676751;46
0.08233113288879394;0.0002909301634426656;0.0033141613006591798;0.00010054217487940573;friedman_mse;10;1;2;random;{'criterion': 'friedman_mse', 'max_depth': 10, 'min_samples_leaf': 1, 'min_samples_split': 2, 'splitter': 'random'};0.6535937683904984;0.6425603049027052;0.6206593310980082;0.6456545277585639;0.6366973286722638;0.639833052164408;0.011028591369691596;53
0.22177500724792482;0.0032672153225099653;0.003609037399291992;0.0002651326345243094;friedman_mse;10;1;5;best;{'criterion': 'friedman_mse', 'max_depth': 10, 'min_samples_leaf': 1, 'min_samples_split': 5, 'splitter': 'best'};0.6482320670304917;0.6466418054507819;0.6394492963628334;0.6500342990251953;0.6339631799394236;0.6436641295617452;0.006036305291833247;40
0.08160591125488281;0.001925318674579882;0.0032890796661376952;8.924292456140851e-05;friedman_mse;10;1;5;random;{'criterion': 'friedman_mse', 'max_depth': 10, 'min_samples_leaf': 1, 'min_samples_split': 5, 'splitter': 'random'};0.6475028880082059;0.645916678914769;0.643534330899342;0.6461962649071233;0.6366459972664602;0.6439592319991801;0.0038744639827820904;37
0.2177576541900635;0.0012123866710928594;0.0034782886505126953;0.00012762695967599223;friedman_mse;10;1;10;best;{'criterion': 'friedman_mse', 'max_depth': 10, 'min_samples_leaf': 1, 'min_samples_split': 10, 'splitter': 'best'};0.6526800080819077;0.6491556429001033;0.642277921623659;0.6530358778042413;0.6366239290627961;0.6467546758945415;0.006371829591155679;28
0.08328866958618164;0.002424662846362053;0.0034198760986328125;0.00010904599633529578;friedman_mse;10;1;10;random;{'criterion': 'friedman_mse', 'max_depth': 10, 'min_samples_leaf': 1, 'min_samples_split': 10, 'splitter': 'random'};0.6435488812977723;0.6509196079588251;0.6452826106290046;0.6515328090911117;0.6475374167458253;0.6477642651445078;0.003102825875197284;23
0.2194943904876709;0.001536398029887981;0.003499555587768555;7.512802091970804e-05;friedman_mse;10;2;2;best;{'criterion': 'friedman_mse', 'max_depth': 10, 'min_samples_leaf': 2, 'min_samples_split': 2, 'splitter': 'best'};0.6473276609108125;0.6487087096629394;0.6400046947700171;0.6546686903141172;0.6403402813222845;0.6462100073960342;0.005513647940771473;32
0.0829535961151123;0.0018515354855498883;0.003377819061279297;0.00010012917269598279;friedman_mse;10;2;2;random;{'criterion': 'friedman_mse', 'max_depth': 10, 'min_samples_leaf': 2, 'min_samples_split': 2, 'splitter': 'random'};0.6493855052015463;0.6501449892859823;0.6430053976663513;0.6434575656659041;0.6448795185586631;0.6461745952756894;0.003005902800803903;33
0.22021913528442383;0.00154128251746723;0.0035161972045898438;0.00010347014742033055;friedman_mse;10;2;5;best;{'criterion': 'friedman_mse', 'max_depth': 10, 'min_samples_leaf': 2, 'min_samples_split': 5, 'splitter': 'best'};0.6476882605340654;0.6492116670746105;0.6395514268653976;0.6552641538918518;0.6407621554297034;0.6464955327591257;0.005775481347887822;30
0.0829390048980713;0.001151334931762733;0.0032399177551269533;0.00011872961814592229;friedman_mse;10;2;5;random;{'criterion': 'friedman_mse', 'max_depth': 10, 'min_samples_leaf': 2, 'min_samples_split': 5, 'splitter': 'random'};0.6477574745335892;0.63231240094981;0.6430082945995139;0.6381960334484537;0.6377831410105583;0.6398114689083851;0.005221464659056323;54
0.21689310073852539;0.0006556056544424762;0.003476572036743164;4.859843283356473e-05;friedman_mse;10;2;10;best;{'criterion': 'friedman_mse', 'max_depth': 10, 'min_samples_leaf': 2, 'min_samples_split': 10, 'splitter': 'best'};0.6506612684894554;0.6503625739553501;0.6416678087472023;0.6581191812535585;0.6444992332101375;0.6490620131311408;0.005688138353367855;17
0.08249306678771973;0.0030987508627836067;0.00334315299987793;8.826852146654589e-05;friedman_mse;10;2;10;random;{'criterion': 'friedman_mse', 'max_depth': 10, 'min_samples_leaf': 2, 'min_samples_split': 10, 'splitter': 'random'};0.6546001341267982;0.6469988952350578;0.6404709399053694;0.6521124957417667;0.6443159690338256;0.6476996868085635;0.005124148562867822;24
0.21823320388793946;0.0018388051892399074;0.0034572124481201173;7.177937301618495e-05;friedman_mse;10;4;2;best;{'criterion': 'friedman_mse', 'max_depth': 10, 'min_samples_leaf': 4, 'min_samples_split': 2, 'splitter': 'best'};0.6508942901685553;0.6536450936147925;0.6463449146697968;0.6561387505308194;0.6447646012952557;0.650357530055844;0.004287204919533398;11
0.08195028305053711;0.0017669293169566417;0.003305482864379883;9.101163884089903e-05;friedman_mse;10;4;2;random;{'criterion': 'friedman_mse', 'max_depth': 10, 'min_samples_leaf': 4, 'min_samples_split': 2, 'splitter': 'random'};0.6491998296604713;0.6426068234768205;0.6548445210376547;0.6568535515013155;0.6401587236652855;0.6487326898683096;0.006550728646301901;18
0.2196269989013672;0.00418842798610308;0.003691291809082031;0.0004115716451121775;friedman_mse;10;4;5;best;{'criterion': 'friedman_mse', 'max_depth': 10, 'min_samples_leaf': 4, 'min_samples_split': 5, 'splitter': 'best'};0.6508510221079582;0.6536486218707944;0.6461709353891536;0.6563244549217964;0.6447646012952557;0.6503519271169916;0.00437006366441981;12
0.08399982452392578;0.003490835554593674;0.003488922119140625;0.0004508296144141174;friedman_mse;10;4;5;random;{'criterion': 'friedman_mse', 'max_depth': 10, 'min_samples_leaf': 4, 'min_samples_split': 5, 'splitter': 'random'};0.6485660658541867;0.6405416052169146;0.6490771201677874;0.6476006740496565;0.6397128021376084;0.6450996534852307;0.004095981719780017;34
0.21776251792907714;0.0024038980520647317;0.0034763336181640623;0.000102120597364041;friedman_mse;10;4;10;best;{'criterion': 'friedman_mse', 'max_depth': 10, 'min_samples_leaf': 4, 'min_samples_split': 10, 'splitter': 'best'};0.6523653582385458;0.6531104106900194;0.6464211052993536;0.6578597252393272;0.6450041877712717;0.6509521574477035;0.004696348862082137;3
0.07979788780212402;0.00333683937882468;0.003184080123901367;0.00011461979079480575;friedman_mse;10;4;10;random;{'criterion': 'friedman_mse', 'max_depth': 10, 'min_samples_leaf': 4, 'min_samples_split': 10, 'splitter': 'random'};0.6478933268589756;0.6425321621206516;0.6460777789171472;0.6487178798966091;0.6285345988032244;0.6427511493193216;0.007419819298100394;43
0.43086605072021483;0.0028296819577513736;0.006258773803710938;0.000357656426878953;friedman_mse;20;1;2;best;{'criterion': 'friedman_mse', 'max_depth': 20, 'min_samples_leaf': 1, 'min_samples_split': 2, 'splitter': 'best'};0.43640246645879976;0.43857906831656757;0.45266826432605056;0.4435504875405403;0.41804727660957597;0.43784951265030686;0.011374104468394673;153
0.17411437034606933;0.008213488032828105;0.006410789489746094;0.0013634625819846083;friedman_mse;20;1;2;random;{'criterion': 'friedman_mse', 'max_depth': 20, 'min_samples_leaf': 1, 'min_samples_split': 2, 'splitter': 'random'};0.5185839184538099;0.49014683182925145;0.4695697172241079;0.45345347304490735;0.4779105208642046;0.4819328922832563;0.021867196490402977;142
0.40833191871643065;0.0021794107148827725;0.005694913864135742;0.00019270944130405902;friedman_mse;20;1;5;best;{'criterion': 'friedman_mse', 'max_depth': 20, 'min_samples_leaf': 1, 'min_samples_split': 5, 'splitter': 'best'};0.4715302291135992;0.4759855214106823;0.48923272945947516;0.4789596009736894;0.4603868209504173;0.4752189803815726;0.00942936721196154;144
0.15323905944824218;0.002531120583946951;0.005443954467773437;0.00021268779307078656;friedman_mse;20;1;5;random;{'criterion': 'friedman_mse', 'max_depth': 20, 'min_samples_leaf': 1, 'min_samples_split': 5, 'splitter': 'random'};0.5667478000115029;0.5478146222145989;0.5310953552992524;0.5625458723297545;0.5130675630513462;0.544254242581291;0.019994926568803736;114
0.3917017936706543;0.0036254401099160825;0.005483770370483398;0.0002958945201038683;friedman_mse;20;1;10;best;{'criterion': 'friedman_mse', 'max_depth': 20, 'min_samples_leaf': 1, 'min_samples_split': 10, 'splitter': 'best'};0.5385809343972503;0.5306281178412964;0.5432881867918786;0.5284946346074937;0.522025197559882;0.5326034142395601;0.007517681102287726;123
0.1479254722595215;0.007605418759545267;0.0052831172943115234;0.00015107394722786683;friedman_mse;20;1;10;random;{'criterion': 'friedman_mse', 'max_depth': 20, 'min_samples_leaf': 1, 'min_samples_split': 10, 'splitter': 'random'};0.5896660811343767;0.5979927913715876;0.5885660966897872;0.5887811474075837;0.5901412494583664;0.5910294732123403;0.0035287043514151263;80
0.39728283882141113;0.002477681535606608;0.005610990524291992;7.205534877339433e-05;friedman_mse;20;2;2;best;{'criterion': 'friedman_mse', 'max_depth': 20, 'min_samples_leaf': 2, 'min_samples_split': 2, 'splitter': 'best'};0.5034882100017207;0.5001811837635372;0.5010882156560051;0.49803459858618726;0.4732192214863947;0.495202285898769;0.01112984498915141;136
0.15264482498168946;0.00564598865190055;0.005762815475463867;0.0002249830197881247;friedman_mse;20;2;2;random;{'criterion': 'friedman_mse', 'max_depth': 20, 'min_samples_leaf': 2, 'min_samples_split': 2, 'splitter': 'random'};0.5535655625688493;0.5656316459162531;0.5631832191455403;0.5670491963001657;0.5293032873422818;0.5557465822546181;0.014034043100939319;102
0.39031434059143066;0.0033491316807399913;0.005463361740112305;0.00010855090819211205;friedman_mse;20;2;5;best;{'criterion': 'friedman_mse', 'max_depth': 20, 'min_samples_leaf': 2, 'min_samples_split': 5, 'splitter': 'best'};0.5132323392625304;0.5099770413909521;0.5105461416169577;0.5098390194871243;0.48937275226202426;0.5065934588039178;0.008697510727074984;130
0.14526691436767578;0.0032862922180401477;0.005462217330932617;0.00021616240689783557;friedman_mse;20;2;5;random;{'criterion': 'friedman_mse', 'max_depth': 20, 'min_samples_leaf': 2, 'min_samples_split': 5, 'splitter': 'random'};0.5658556264002956;0.5509028156569904;0.5979805645253709;0.5769702582126256;0.5652349189361994;0.5713888367462964;0.015661650188145627;86
0.37444777488708497;0.0019213829216482574;0.005291795730590821;0.00020614893014664907;friedman_mse;20;2;10;best;{'criterion': 'friedman_mse', 'max_depth': 20, 'min_samples_leaf': 2, 'min_samples_split': 10, 'splitter': 'best'};0.5608831320057617;0.5535986881184458;0.5545126674392549;0.5555554531337844;0.5436607591249292;0.5536421399644352;0.005594289993147518;104
0.13908519744873046;0.004021551563298716;0.005175065994262695;0.00019266495475979577;friedman_mse;20;2;10;random;{'criterion': 'friedman_mse', 'max_depth': 20, 'min_samples_leaf': 2, 'min_samples_split': 10, 'splitter': 'random'};0.5957712080994519;0.6147392854638876;0.5986997186575574;0.6102883944885327;0.5976016961485884;0.6034200605716036;0.007614969460763317;75
0.37409420013427735;0.005930575338332041;0.005414485931396484;0.0002594618161259021;friedman_mse;20;4;2;best;{'criterion': 'friedman_mse', 'max_depth': 20, 'min_samples_leaf': 4, 'min_samples_split': 2, 'splitter': 'best'};0.5619192858299468;0.5616138448859895;0.5688805331693112;0.5620592311653192;0.557820899469526;0.5624587589040185;0.003575289027700768;96
0.13502321243286133;0.001693825303989165;0.005097150802612305;0.00012254167611333266;friedman_mse;20;4;2;random;{'criterion': 'friedman_mse', 'max_depth': 20, 'min_samples_leaf': 4, 'min_samples_split': 2, 'splitter': 'random'};0.6153582129231296;0.6328955156080365;0.6233097900304776;0.6201947638310665;0.6079722679077586;0.6199461100600937;0.008288364998170287;58
0.37104158401489257;0.002489969960309328;0.005467033386230469;0.0003065215404478828;friedman_mse;20;4;5;best;{'criterion': 'friedman_mse', 'max_depth': 20, 'min_samples_leaf': 4, 'min_samples_split': 5, 'splitter': 'best'};0.5619463843776726;0.5618610304760534;0.5687115868204877;0.5620510749616693;0.5580339519931621;0.5625208057258091;0.0034480004999002897;95
0.13708062171936036;0.00417060389682472;0.005196857452392578;0.0001324562649112256;friedman_mse;20;4;5;random;{'criterion': 'friedman_mse', 'max_depth': 20, 'min_samples_leaf': 4, 'min_samples_split': 5, 'splitter': 'random'};0.6158118227366287;0.621361812669068;0.6141308703994678;0.6348757855796316;0.6089450763982915;0.6190250735566176;0.00886103796858645;60
0.3632650852203369;0.0016894589052732795;0.005159950256347657;9.823269047909213e-05;friedman_mse;20;4;10;best;{'criterion': 'friedman_mse', 'max_depth': 20, 'min_samples_leaf': 4, 'min_samples_split': 10, 'splitter': 'best'};0.574179999095295;0.5665211167825184;0.577334519837007;0.5741315133228643;0.56907145635293;0.572247721078123;0.003899757621527788;84
0.1350156307220459;0.0022717758196333813;0.0050522804260253905;0.0001295083401289561;friedman_mse;20;4;10;random;{'criterion': 'friedman_mse', 'max_depth': 20, 'min_samples_leaf': 4, 'min_samples_split': 10, 'splitter': 'random'};0.6245441753670209;0.6241149505517318;0.6325631598783179;0.6190842085156963;0.6126208013308057;0.6225854591287145;0.006592170908714529;55
0.5161220550537109;0.007357614464347453;0.007429885864257813;0.0003373835492933303;friedman_mse;30;1;2;best;{'criterion': 'friedman_mse', 'max_depth': 30, 'min_samples_leaf': 1, 'min_samples_split': 2, 'splitter': 'best'};0.3677416951032886;0.39086846318583746;0.3935684261790643;0.38611184501460316;0.35965444589975526;0.3795889750765098;0.013438327527108607;161
0.22064027786254883;0.0022844685039667945;0.007590150833129883;0.0006997961898495506;friedman_mse;30;1;2;random;{'criterion': 'friedman_mse', 'max_depth': 30, 'min_samples_leaf': 1, 'min_samples_split': 2, 'splitter': 'random'};0.402386004541197;0.3895127485438965;0.4055229988646494;0.40995375525299793;0.3785493538230098;0.3971849722051501;0.011539190048276327;159
0.4650859832763672;0.0038648775444424547;0.006563138961791992;0.00011396142725069822;friedman_mse;30;1;5;best;{'criterion': 'friedman_mse', 'max_depth': 30, 'min_samples_leaf': 1, 'min_samples_split': 5, 'splitter': 'best'};0.42302842592105216;0.43809566009658873;0.4483118490555681;0.4349694420947282;0.41565582024148084;0.43201223948188366;0.01148626729957977;155
0.17925481796264647;0.007433954935676217;0.006564950942993164;0.00029799165940023613;friedman_mse;30;1;5;random;{'criterion': 'friedman_mse', 'max_depth': 30, 'min_samples_leaf': 1, 'min_samples_split': 5, 'splitter': 'random'};0.4896615221957601;0.48590112029276933;0.5050970446024874;0.49429380886849117;0.47606178856278825;0.49020305690445926;0.009563895753751345;140
0.4246072292327881;0.0016928735111532962;0.0059776782989501955;0.00014669524539498083;friedman_mse;30;1;10;best;{'criterion': 'friedman_mse', 'max_depth': 30, 'min_samples_leaf': 1, 'min_samples_split': 10, 'splitter': 'best'};0.5074325854021132;0.5054661948540478;0.521303390445933;0.502111420479652;0.4965472914214879;0.5065721765206468;0.008238553614698583;131
0.15243730545043946;0.005814841281488564;0.005687141418457031;0.00012229098550063194;friedman_mse;30;1;10;random;{'criterion': 'friedman_mse', 'max_depth': 30, 'min_samples_leaf': 1, 'min_samples_split': 10, 'splitter': 'random'};0.5547017527890323;0.5758479798741053;0.5788736359334211;0.5849612750047686;0.5612998799511408;0.5711369047104936;0.011314112674389311;87
0.4538270473480225;0.0013862153898292118;0.006683158874511719;0.0001875563907079288;friedman_mse;30;2;2;best;{'criterion': 'friedman_mse', 'max_depth': 30, 'min_samples_leaf': 2, 'min_samples_split': 2, 'splitter': 'best'};0.4636950120291595;0.4677770535754284;0.4690498434011625;0.46071627716914787;0.4407289127470764;0.46039341978439496;0.010267904392380692;151
0.17461342811584474;0.0020177268615472104;0.006695270538330078;0.0008014187237136816;friedman_mse;30;2;2;random;{'criterion': 'friedman_mse', 'max_depth': 30, 'min_samples_leaf': 2, 'min_samples_split': 2, 'splitter': 'random'};0.5097762902171835;0.5422687736986855;0.5314442106569418;0.5316237484805065;0.511430090272776;0.5253086226652186;0.012641518815312237;125
0.44783573150634765;0.0040429079380477915;0.007135534286499023;0.001126634533179215;friedman_mse;30;2;5;best;{'criterion': 'friedman_mse', 'max_depth': 30, 'min_samples_leaf': 2, 'min_samples_split': 5, 'splitter': 'best'};0.4776725193850635;0.47862883484901364;0.4814307917772259;0.4767525392581914;0.4582608481342124;0.47454910668074135;0.008293611519930676;145
0.1682291030883789;0.004938236956282199;0.006279182434082031;0.00026852767778709404;friedman_mse;30;2;5;random;{'criterion': 'friedman_mse', 'max_depth': 30, 'min_samples_leaf': 2, 'min_samples_split': 5, 'splitter': 'random'};0.544330307455065;0.5516709187478468;0.536102346979487;0.5287906295748406;0.522985107836041;0.536775862118656;0.010327969998335157;117
0.4150408744812012;0.004042202389583967;0.00594940185546875;0.00020172779560099114;friedman_mse;30;2;10;best;{'criterion': 'friedman_mse', 'max_depth': 30, 'min_samples_leaf': 2, 'min_samples_split': 10, 'splitter': 'best'};0.5393479343983186;0.5330150648926149;0.5384934328060162;0.533434431648002;0.522807923191222;0.5334197573872348;0.005893394289926414;120
0.15214242935180664;0.005950831595509294;0.005799627304077149;8.662053774002871e-05;friedman_mse;30;2;10;random;{'criterion': 'friedman_mse', 'max_depth': 30, 'min_samples_leaf': 2, 'min_samples_split': 10, 'splitter': 'random'};0.586876903844709;0.6042987983231483;0.6029119924122603;0.5922811826629149;0.5739046703008033;0.5920547095087672;0.011172136660244233;78
0.40262789726257325;0.0026902101721692105;0.005798816680908203;0.0001717662490934499;friedman_mse;30;4;2;best;{'criterion': 'friedman_mse', 'max_depth': 30, 'min_samples_leaf': 4, 'min_samples_split': 2, 'splitter': 'best'};0.5446915648967994;0.5488761240763708;0.5533648895729933;0.5472852866284048;0.5428620944155382;0.5474159919180213;0.0036248844990978014;109
0.15233330726623534;0.004768568753457524;0.005620908737182617;8.923678413724697e-05;friedman_mse;30;4;2;random;{'criterion': 'friedman_mse', 'max_depth': 30, 'min_samples_leaf': 4, 'min_samples_split': 2, 'splitter': 'random'};0.6147626496522614;0.616858895175586;0.6117134218186967;0.6256793697269515;0.6124503665774372;0.6162929405901866;0.005030000280493524;63
0.40570869445800783;0.005175129641212413;0.006001472473144531;0.0003081891920058617;friedman_mse;30;4;5;best;{'criterion': 'friedman_mse', 'max_depth': 30, 'min_samples_leaf': 4, 'min_samples_split': 5, 'splitter': 'best'};0.5454983517043394;0.5484933431295266;0.553758278829493;0.5468627420634518;0.5432615141487789;0.5475748459751179;0.0035355970010429063;108
0.15349407196044923;0.006650267486973906;0.005690431594848633;0.00013942155878845564;friedman_mse;30;4;5;random;{'criterion': 'friedman_mse', 'max_depth': 30, 'min_samples_leaf': 4, 'min_samples_split': 5, 'splitter': 'random'};0.6182855177305941;0.6199571393323462;0.6136607258642565;0.6091608976452895;0.599989448138887;0.6122107457422746;0.007178768686087722;69
0.39519710540771485;0.0036340403041195198;0.005705118179321289;0.00028617559924403553;friedman_mse;30;4;10;best;{'criterion': 'friedman_mse', 'max_depth': 30, 'min_samples_leaf': 4, 'min_samples_split': 10, 'splitter': 'best'};0.5601571321890435;0.5549524530891052;0.564143021423777;0.5609934745969124;0.5566115802183084;0.5593715323034293;0.0032606922278527748;99
0.14464249610900878;0.0030406967614913655;0.00545048713684082;8.348750060985071e-05;friedman_mse;30;4;10;random;{'criterion': 'friedman_mse', 'max_depth': 30, 'min_samples_leaf': 4, 'min_samples_split': 10, 'splitter': 'random'};0.614986116556042;0.6167726931275098;0.6260308960558987;0.6178173191979525;0.5900311888044942;0.6131276427483794;0.012154616514410174;68
0.21336207389831544;0.001505218909514838;0.003443002700805664;0.00014542110561130252;squared_error;10;1;2;best;{'criterion': 'squared_error', 'max_depth': 10, 'min_samples_leaf': 1, 'min_samples_split': 2, 'splitter': 'best'};0.6467984180210599;0.6477700196304403;0.641535565682509;0.6507583283936447;0.6328143359620719;0.6439353335379453;0.006306992973341464;38
0.07696671485900879;0.001471464479943074;0.003206348419189453;5.2344167834120366e-05;squared_error;10;1;2;random;{'criterion': 'squared_error', 'max_depth': 10, 'min_samples_leaf': 1, 'min_samples_split': 2, 'splitter': 'random'};0.6452456412340994;0.6376189396574639;0.6361649851792659;0.6450511007742201;0.6451315230954606;0.6418424379881019;0.004068582028114937;50
0.21314563751220703;0.0007614225357661619;0.0033888816833496094;0.00010972270647791381;squared_error;10;1;5;best;{'criterion': 'squared_error', 'max_depth': 10, 'min_samples_leaf': 1, 'min_samples_split': 5, 'splitter': 'best'};0.6488360008383638;0.6480420453884286;0.637774257539367;0.650700654962092;0.6337697973187296;0.6438245512093962;0.006751100897589341;39
0.07635607719421386;0.0015482822828613463;0.0032688140869140624;0.00015432203851011516;squared_error;10;1;5;random;{'criterion': 'squared_error', 'max_depth': 10, 'min_samples_leaf': 1, 'min_samples_split': 5, 'splitter': 'random'};0.6476425057812871;0.6377478712453581;0.6437941687156027;0.6496333342192162;0.6369538937310301;0.6431543547384989;0.005103054326312415;41
0.21376876831054686;0.001360953741660568;0.003419637680053711;9.582232228758765e-05;squared_error;10;1;10;best;{'criterion': 'squared_error', 'max_depth': 10, 'min_samples_leaf': 1, 'min_samples_split': 10, 'splitter': 'best'};0.6531955391378246;0.6492079456237952;0.6422452125941587;0.6525571273288531;0.6368708123748525;0.6468153274118968;0.006311565869595948;27
0.07489919662475586;0.0014234515340503225;0.003259420394897461;0.0001034746521581699;squared_error;10;1;10;random;{'criterion': 'squared_error', 'max_depth': 10, 'min_samples_leaf': 1, 'min_samples_split': 10, 'splitter': 'random'};0.6451798265539861;0.6535764335282994;0.6521760332097122;0.6365589903560609;0.6366697272713047;0.6448322021838727;0.00728815901706023;35
0.21480822563171387;0.004246502147127106;0.003583526611328125;0.00039781977425588596;squared_error;10;2;2;best;{'criterion': 'squared_error', 'max_depth': 10, 'min_samples_leaf': 2, 'min_samples_split': 2, 'splitter': 'best'};0.6477450848896957;0.6484513781779251;0.639289032170508;0.6550046221390837;0.6412917096754613;0.6463563654105349;0.005598355143622469;31
0.07887430191040039;0.005739234696153663;0.0033761024475097655;0.00031382539008792046;squared_error;10;2;2;random;{'criterion': 'squared_error', 'max_depth': 10, 'min_samples_leaf': 2, 'min_samples_split': 2, 'splitter': 'random'};0.6478352502797273;0.6330620559319833;0.6371618349217121;0.6503129549174593;0.6340536190688915;0.6404851430239547;0.007184999128565694;52
0.21262969970703124;0.0011664878092577954;0.0033792495727539063;0.00010336336066688418;squared_error;10;2;5;best;{'criterion': 'squared_error', 'max_depth': 10, 'min_samples_leaf': 2, 'min_samples_split': 5, 'splitter': 'best'};0.6481310882755167;0.6487733068284938;0.6401682765413967;0.6550338174259167;0.6422117311308929;0.6468636440404434;0.00526256970817706;26
0.07449893951416016;0.0014124562031734963;0.003199863433837891;9.385584706862282e-05;squared_error;10;2;5;random;{'criterion': 'squared_error', 'max_depth': 10, 'min_samples_leaf': 2, 'min_samples_split': 5, 'splitter': 'random'};0.6363549421431821;0.6420260193287793;0.6481809646770397;0.6440662733927118;0.6429461885722849;0.6427148776227997;0.003812641814305593;44
0.21213960647583008;0.002177219535947538;0.0035220623016357423;0.0002687596780286821;squared_error;10;2;10;best;{'criterion': 'squared_error', 'max_depth': 10, 'min_samples_leaf': 2, 'min_samples_split': 10, 'splitter': 'best'};0.6507367586195908;0.6503625739553501;0.6415141748247484;0.6581347852491892;0.6446120390541912;0.649072066340614;0.005719843561924636;16
0.07662777900695801;0.0028547289097978876;0.0033044338226318358;0.00020111538611629356;squared_error;10;2;10;random;{'criterion': 'squared_error', 'max_depth': 10, 'min_samples_leaf': 2, 'min_samples_split': 10, 'splitter': 'random'};0.6562179686933824;0.6243034728603747;0.6514921465415704;0.649413818285672;0.6419377080665688;0.6446730228895137;0.011177315219271225;36
0.21236133575439453;0.0017554478556936475;0.0033917903900146486;0.00013135902210364538;squared_error;10;4;2;best;{'criterion': 'squared_error', 'max_depth': 10, 'min_samples_leaf': 4, 'min_samples_split': 2, 'splitter': 'best'};0.6507937661428262;0.6536450936147926;0.6462458171651728;0.6559472174183614;0.6447646012952557;0.6502792991272818;0.00425204457911268;13
0.07593340873718261;0.0007996222819362444;0.003162860870361328;8.44401733544033e-05;squared_error;10;4;2;random;{'criterion': 'squared_error', 'max_depth': 10, 'min_samples_leaf': 4, 'min_samples_split': 2, 'splitter': 'random'};0.6410011744593627;0.6450222131224413;0.6566554569723637;0.6539069587068777;0.643330833405207;0.6479833273332505;0.00615564126639107;22
0.21169781684875488;0.001190648777769028;0.0033820152282714845;5.324061438281935e-05;squared_error;10;4;5;best;{'criterion': 'squared_error', 'max_depth': 10, 'min_samples_leaf': 4, 'min_samples_split': 5, 'splitter': 'best'};0.6510788136185834;0.6536589284866382;0.6461110139338013;0.6563244549217964;0.6447646012952557;0.650387562451215;0.0043893716066101;10
0.07544512748718261;0.0009481917310061065;0.0031882762908935548;6.815946433971325e-05;squared_error;10;4;5;random;{'criterion': 'squared_error', 'max_depth': 10, 'min_samples_leaf': 4, 'min_samples_split': 5, 'splitter': 'random'};0.6469423688365954;0.6441036281679458;0.6405321930481063;0.6403208055128315;0.6404952408012359;0.6424788472733429;0.0026436429127253123;47
0.21199703216552734;0.0008548612441566482;0.003352928161621094;7.318004191918666e-05;squared_error;10;4;10;best;{'criterion': 'squared_error', 'max_depth': 10, 'min_samples_leaf': 4, 'min_samples_split': 10, 'splitter': 'best'};0.6519348876438991;0.6531178955782827;0.6462570300470265;0.657693990723367;0.6450041877712717;0.6508015983527693;0.004656559257232884;6
0.07753000259399415;0.0032354181142526294;0.003247690200805664;6.766593139891352e-05;squared_error;10;4;10;random;{'criterion': 'squared_error', 'max_depth': 10, 'min_samples_leaf': 4, 'min_samples_split': 10, 'splitter': 'random'};0.6462360149474913;0.650873956834784;0.6490697254270335;0.6488005297393804;0.6449775236182527;0.6479915501133884;0.002111465745961885;21
0.42040309906005857;0.0020343942074247763;0.005987930297851563;0.00015979235076343156;squared_error;20;1;2;best;{'criterion': 'squared_error', 'max_depth': 20, 'min_samples_leaf': 1, 'min_samples_split': 2, 'splitter': 'best'};0.43197139748358115;0.43661101662123847;0.44458508158474397;0.44380076341969343;0.41642455195580796;0.43467856221301304;0.010253055079340396;154
0.16553373336791993;0.004733992281656376;0.006141471862792969;0.00034513127640664224;squared_error;20;1;2;random;{'criterion': 'squared_error', 'max_depth': 20, 'min_samples_leaf': 1, 'min_samples_split': 2, 'splitter': 'random'};0.47898182185710636;0.48410420424512723;0.4963252978561119;0.49880696768761;0.47566119082346725;0.48677589649388453;0.00924510639745315;141
0.3963610172271729;0.0015486849888758899;0.005607986450195312;0.00015899238219361307;squared_error;20;1;5;best;{'criterion': 'squared_error', 'max_depth': 20, 'min_samples_leaf': 1, 'min_samples_split': 5, 'splitter': 'best'};0.4718596554099841;0.4752517290447529;0.488953426843022;0.47475354488280774;0.4604979888550843;0.4742632690071302;0.009080511625589786;146
0.14874691963195802;0.0029941704754626337;0.00575098991394043;0.00020135984621950733;squared_error;20;1;5;random;{'criterion': 'squared_error', 'max_depth': 20, 'min_samples_leaf': 1, 'min_samples_split': 5, 'splitter': 'random'};0.5516825007510269;0.5328028926525641;0.5641810742640752;0.5422574113294343;0.5103523294775134;0.5402552416949228;0.01820306601778404;115
0.3819132328033447;0.0017371890519139379;0.005497932434082031;0.00027171451583093335;squared_error;20;1;10;best;{'criterion': 'squared_error', 'max_depth': 20, 'min_samples_leaf': 1, 'min_samples_split': 10, 'splitter': 'best'};0.5398301077512007;0.528199781526403;0.5432947069749668;0.5284086925289981;0.523497905025909;0.5326462387614956;0.00756858823174159;122
0.13895783424377442;0.0014692904889647721;0.00524749755859375;0.00012028746361718607;squared_error;20;1;10;random;{'criterion': 'squared_error', 'max_depth': 20, 'min_samples_leaf': 1, 'min_samples_split': 10, 'splitter': 'random'};0.6093561063354034;0.5913961595211819;0.5937531683777144;0.5922855811283068;0.5686130400674836;0.591080811086018;0.013019059566484381;79
0.39532222747802737;0.002649727632485101;0.005667304992675782;0.00018427887583727707;squared_error;20;2;2;best;{'criterion': 'squared_error', 'max_depth': 20, 'min_samples_leaf': 2, 'min_samples_split': 2, 'splitter': 'best'};0.5024936816045793;0.49828516353747543;0.5000004529719662;0.4989082586757838;0.4739970076415604;0.49473691288627303;0.01046906101923262;137
0.14854874610900878;0.002043145708034973;0.005477619171142578;9.783943232636219e-05;squared_error;20;2;2;random;{'criterion': 'squared_error', 'max_depth': 20, 'min_samples_leaf': 2, 'min_samples_split': 2, 'splitter': 'random'};0.5689669601832477;0.5612500093757564;0.5715327720114144;0.5548653767545009;0.5371515273601415;0.5587533291370121;0.012293248921901482;101
0.3935521125793457;0.005448859610967344;0.005690526962280273;0.0002752251617952127;squared_error;20;2;5;best;{'criterion': 'squared_error', 'max_depth': 20, 'min_samples_leaf': 2, 'min_samples_split': 5, 'splitter': 'best'};0.5120808312793927;0.5098299223006908;0.508533844843193;0.5075753346113463;0.4903119995007449;0.5056663865070735;0.00782436876119942;132
0.1463761329650879;0.004771178365994223;0.005369138717651367;8.441841337958514e-05;squared_error;20;2;5;random;{'criterion': 'squared_error', 'max_depth': 20, 'min_samples_leaf': 2, 'min_samples_split': 5, 'splitter': 'random'};0.5602538727734236;0.5618917004616248;0.5746935901787686;0.5653688996117765;0.5694383048726628;0.5663292735796513;0.005237417990642122;90
0.37662487030029296;0.003461158157664883;0.005437326431274414;0.00016497141991638221;squared_error;20;2;10;best;{'criterion': 'squared_error', 'max_depth': 20, 'min_samples_leaf': 2, 'min_samples_split': 10, 'splitter': 'best'};0.5599215905912746;0.55378132611705;0.5554127191674968;0.5555154044425205;0.5440622725068409;0.5537386625650366;0.005250185157155943;103
0.1419856071472168;0.004624616503978207;0.005198383331298828;0.0002257982598906723;squared_error;20;2;10;random;{'criterion': 'squared_error', 'max_depth': 20, 'min_samples_leaf': 2, 'min_samples_split': 10, 'splitter': 'random'};0.6221964458140984;0.610614983392438;0.6211418890443465;0.621969453523145;0.5921671600776028;0.6136179863703262;0.011568077256026462;66
0.3713630199432373;0.0011980838117003239;0.005385780334472656;0.00010564397995887684;squared_error;20;4;2;best;{'criterion': 'squared_error', 'max_depth': 20, 'min_samples_leaf': 4, 'min_samples_split': 2, 'splitter': 'best'};0.5625187329842076;0.5614655441716665;0.5683088472266503;0.5624290998863071;0.5585523065914075;0.5626549061720478;0.003171198081221263;92
0.1399318218231201;0.0019660090440000236;0.005277061462402343;0.00027510597399422126;squared_error;20;4;2;random;{'criterion': 'squared_error', 'max_depth': 20, 'min_samples_leaf': 4, 'min_samples_split': 2, 'splitter': 'random'};0.6187676823452621;0.6075428908847185;0.6201204823162301;0.6236909408073417;0.6035653291870413;0.6147374651081188;0.007771264654263297;64
0.3760249614715576;0.0073939940520027616;0.005563116073608399;0.00018780082406874603;squared_error;20;4;5;best;{'criterion': 'squared_error', 'max_depth': 20, 'min_samples_leaf': 4, 'min_samples_split': 5, 'splitter': 'best'};0.5620127338686796;0.5612764235767054;0.5690186934357786;0.5619001743857709;0.5580636903571259;0.5624543431248121;0.0035849168168793264;97
0.13798890113830567;0.0016634756644469076;0.00513310432434082;0.0002604883055929121;squared_error;20;4;5;random;{'criterion': 'squared_error', 'max_depth': 20, 'min_samples_leaf': 4, 'min_samples_split': 5, 'splitter': 'random'};0.6238436849443213;0.6030756241503089;0.6199290792460483;0.6254018042997502;0.6103209807632284;0.6165142346807315;0.00852435974580693;62
0.3678591251373291;0.008156458152862223;0.005402803421020508;0.00044722114495315314;squared_error;20;4;10;best;{'criterion': 'squared_error', 'max_depth': 20, 'min_samples_leaf': 4, 'min_samples_split': 10, 'splitter': 'best'};0.5745110662976636;0.5668174458780019;0.5773272172287002;0.5740692941660989;0.5690703787869029;0.5723590804714735;0.003840925134744825;83
0.13466248512268067;0.001335012741103929;0.00496969223022461;7.301895075931664e-05;squared_error;20;4;10;random;{'criterion': 'squared_error', 'max_depth': 20, 'min_samples_leaf': 4, 'min_samples_split': 10, 'splitter': 'random'};0.6180833038195941;0.6186193228099734;0.6272352309042246;0.6238307845622941;0.6149940282785342;0.6205525340749242;0.004384900311467847;56
0.5119101047515869;0.002920598495494145;0.007230901718139648;0.00029440532421051745;squared_error;30;1;2;best;{'criterion': 'squared_error', 'max_depth': 30, 'min_samples_leaf': 1, 'min_samples_split': 2, 'splitter': 'best'};0.3730034729813222;0.38424250252187486;0.3969405235648379;0.379135418113451;0.3514444848999422;0.3769532804162856;0.014991224099327355;162
0.2168661594390869;0.00435370439286287;0.006962776184082031;0.0001355903878426248;squared_error;30;1;2;random;{'criterion': 'squared_error', 'max_depth': 30, 'min_samples_leaf': 1, 'min_samples_split': 2, 'splitter': 'random'};0.3838250716670969;0.3919767657345131;0.38661681590485175;0.38996021519974344;0.3663001121713355;0.3837357961355082;0.009153887621653829;160
0.46501550674438474;0.0027629848221430043;0.006545162200927735;0.0001681879486439643;squared_error;30;1;5;best;{'criterion': 'squared_error', 'max_depth': 30, 'min_samples_leaf': 1, 'min_samples_split': 5, 'splitter': 'best'};0.4234633398149663;0.43326299028828175;0.44992817683024866;0.4307145093121234;0.41669540191474586;0.43081288363207315;0.011177890843486369;156
0.18160276412963866;0.006067269580310613;0.006208086013793945;9.631031750229094e-05;squared_error;30;1;5;random;{'criterion': 'squared_error', 'max_depth': 30, 'min_samples_leaf': 1, 'min_samples_split': 5, 'splitter': 'random'};0.4943527332608557;0.49852100334692406;0.49855787464948476;0.4927037920121078;0.47942429582452517;0.4927119398187795;0.007030987491714507;139
0.4338997840881348;0.0043210919859399104;0.006165170669555664;0.00016530786869320508;squared_error;30;1;10;best;{'criterion': 'squared_error', 'max_depth': 30, 'min_samples_leaf': 1, 'min_samples_split': 10, 'splitter': 'best'};0.5100861150870427;0.5043608078589277;0.5209784351081979;0.5024684463164251;0.4971700411885819;0.507012769111835;0.008112315863331285;129
0.15496926307678222;0.004648575563332183;0.005706167221069336;8.477443218108241e-05;squared_error;30;1;10;random;{'criterion': 'squared_error', 'max_depth': 30, 'min_samples_leaf': 1, 'min_samples_split': 10, 'splitter': 'random'};0.5671788471790269;0.5772745551358787;0.5767349501831329;0.5707022326914152;0.562102144191017;0.5707985458760941;0.005760529301804641;88
0.45447659492492676;0.00430822288785503;0.0066048622131347655;0.00018827415070564278;squared_error;30;2;2;best;{'criterion': 'squared_error', 'max_depth': 30, 'min_samples_leaf': 2, 'min_samples_split': 2, 'splitter': 'best'};0.46415469486559857;0.4652526033825446;0.47009164918713164;0.4602019608146929;0.4443435366387425;0.460808888977742;0.008815745473846127;149
0.17643322944641113;0.0037784889650514793;0.006224346160888672;0.0002523037462315957;squared_error;30;2;2;random;{'criterion': 'squared_error', 'max_depth': 30, 'min_samples_leaf': 2, 'min_samples_split': 2, 'splitter': 'random'};0.5121507655215354;0.5252659673951888;0.5128176572420773;0.5277683808771236;0.5022836038389051;0.516057274974966;0.009353287906091277;127
0.44263715744018556;0.0016684752007949685;0.006200742721557617;7.264773336104574e-05;squared_error;30;2;5;best;{'criterion': 'squared_error', 'max_depth': 30, 'min_samples_leaf': 2, 'min_samples_split': 5, 'splitter': 'best'};0.4769580738402682;0.4758293342185871;0.482778281684476;0.476442355616272;0.4566728202369589;0.4737361731193125;0.00888822963521972;147
0.16879010200500488;0.005917160448301052;0.006194639205932617;0.0001312248062232606;squared_error;30;2;5;random;{'criterion': 'squared_error', 'max_depth': 30, 'min_samples_leaf': 2, 'min_samples_split': 5, 'splitter': 'random'};0.5357071707698904;0.5425150759470978;0.531039951083554;0.5361745144989951;0.5212125004255623;0.5333298425450199;0.00707369696283947;121
0.4183307647705078;0.004105982700246902;0.006112241744995117;0.0006081623363183627;squared_error;30;2;10;best;{'criterion': 'squared_error', 'max_depth': 30, 'min_samples_leaf': 2, 'min_samples_split': 10, 'splitter': 'best'};0.539519664249709;0.5337021608222308;0.5380274232442801;0.5339053225227922;0.5233978508716726;0.533710484342137;0.005635086032655448;119
0.15121979713439943;0.004742346604957521;0.005585479736328125;0.00011060550101039093;squared_error;30;2;10;random;{'criterion': 'squared_error', 'max_depth': 30, 'min_samples_leaf': 2, 'min_samples_split': 10, 'splitter': 'random'};0.5929741191660391;0.5927163473935078;0.5879352474970946;0.5805279598742127;0.5696663190885592;0.5847639986038826;0.008793027934976376;81
0.4023129463195801;0.001722453524970184;0.005807828903198242;0.00016228033050712148;squared_error;30;4;2;best;{'criterion': 'squared_error', 'max_depth': 30, 'min_samples_leaf': 4, 'min_samples_split': 2, 'splitter': 'best'};0.5452861302208352;0.5477043499708306;0.5531320495506201;0.5464615847183092;0.5426941045899683;0.5470556438101127;0.003459787141495136;111
0.15019493103027343;0.007287508771342229;0.005530214309692383;0.00014396057333295357;squared_error;30;4;2;random;{'criterion': 'squared_error', 'max_depth': 30, 'min_samples_leaf': 4, 'min_samples_split': 2, 'splitter': 'random'};0.6002405913649054;0.6039256421664516;0.6172551367124952;0.6096450700652654;0.6025695260850568;0.6067271932788348;0.006108395655201948;72
0.4020383834838867;0.0025107711364654884;0.005783748626708984;0.00012171462512360882;squared_error;30;4;5;best;{'criterion': 'squared_error', 'max_depth': 30, 'min_samples_leaf': 4, 'min_samples_split': 5, 'splitter': 'best'};0.5448004375278457;0.5484363902607696;0.5537776290269604;0.5469015483525332;0.5423107614020672;0.5472453533140352;0.0038609638016674067;110
0.15260534286499022;0.003777242749362128;0.005498409271240234;5.514637711630048e-05;squared_error;30;4;5;random;{'criterion': 'squared_error', 'max_depth': 30, 'min_samples_leaf': 4, 'min_samples_split': 5, 'splitter': 'random'};0.592841133817838;0.6083777826316588;0.6085955176188304;0.615010069243215;0.5973344220019947;0.6044317850627073;0.008118169997141319;73
0.3956919193267822;0.0016324111928637773;0.005554962158203125;0.0001402582599859825;squared_error;30;4;10;best;{'criterion': 'squared_error', 'max_depth': 30, 'min_samples_leaf': 4, 'min_samples_split': 10, 'splitter': 'best'};0.5595594177904115;0.5551417723056189;0.5648745530036299;0.561112047574645;0.5565214841148804;0.5594418549578372;0.003444904908118721;98
0.14230985641479493;0.004553570123689182;0.005397701263427734;5.4243365396089426e-05;squared_error;30;4;10;random;{'criterion': 'squared_error', 'max_depth': 30, 'min_samples_leaf': 4, 'min_samples_split': 10, 'splitter': 'random'};0.6132863685240196;0.6127004426921239;0.6183625159145772;0.6212545554558494;0.6071275482257448;0.614546286162463;0.004890740017213538;65
